1361559594.501985 4 1552 27:9a:ba:fe:8d:3c 9e:bb:cc:97:a5:0b
1361559594.524465 16 14 27:51:40:0b:08:00 f5:e1:ed:b3:37:0b
1361559594.556773 26 1552 a9:d2:42:05:2d:1d ca:5a:af:c8:1b:14
1361559594.567312 34 14 0a:d9:97:ef:2d:86 d3:47:49:e0:72:68
1361559594.567568 35 1552 2a:56:a2:d3:d3:96 78:49:18:77:28:84
1361559594.590842 44 14 a8:d2:22:9e:2a:c0 27:51:c7:06:09:00
1361559594.602186 50 1552 b9:d8:4d:f4:dd:e2 5a:9d:5d:86:84:78
1361559594.619592 58 14 13:ec:83:76:2a:c0 27:51:93:88:09:00
1361559594.647640 74 1552 d2:35:14:bc:8b:a1 39:a4:d4:ec:30:94
1361559594.663544 82 14 3f:7f:23:9e:dc:4f 0c:45:2c:10:22:21
1361559594.687795 97 14 00:00:0e:00:00:00 27:51:7d:7f:0a:00
1361559594.688284 99 1552 d7:4f:5f:d0:b7:cf 85:30:c3:67:75:18
1361559594.706601 110 14 e8:84:a2:a7:2a:c0 ca:7a:05:c5:be:2b
1361559594.747817 125 14 82:6a:63:ff:2a:c0 2d:8f:91:99:41:11
1361559594.767597 136 14 77:e4:b9:8d:2a:c0 9d:80:78:d2:e3:fb
1361559594.788334 145 14 57:a5:8a:ff:d3:5d e8:11:fc:58:ba:d8
1361559594.794639 152 1552 c7:0a:60:3b:30:b3 61:b1:61:b8:c7:ea
1361559594.802304 158 1300 bd:d1:3d:3b:99:0e 42:f2:14:47:84:76
1361559594.814420 170 24 e0:f8:47:32:a6:2a f8:d1:11:5b:42:5a
1361559594.816292 172 110 e0:f8:47:32:a6:2a f8:d1:11:5b:42:5a
1361559594.843810 189 14 da:89:02:55:2a:c0 27:51:a7:e1:0c:00
1361559594.845684 192 1552 5e:fa:e2:a7:92:eb 8b:0d:bc:a2:9d:06
1361559594.851096 197 14 00:00:34:01:00:00 27:51:94:0a:0d:00
1361559594.857268 202 138 f8:d1:11:5b:42:5a e0:f8:47:32:a6:2a
1361559594.867389 209 14 a0:5f:82:a7:2a:c0 27:51:8c:45:0d:00
1361559594.918347 250 14 27:51:ac:10:0e:00 05:07:5a:89:43:b5
1361559594.926937 257 1552 48:0a:52:a6:6c:da 89:e2:90:fc:bd:67
1361559594.954983 266 1552 de:11:44:89:66:5f db:f7:e9:9d:d2:36
1361559594.963391 269 14 00:00:f8:00:00:00 27:51:e6:bb:0e:00
1361559594.976439 281 1552 57:b8:f5:59:0f:87 90:3f:27:45:5b:0a
1361559594.991249 284 28 00:23:6c:88:2f:ba 00:0d:93:8a:98:81
1361559595.19066 286 82 50:46:5d:d1:81:c0 01:80:c2:00:00:00
1361559595.63580 291 24 e0:f8:47:32:a6:2a f8:d1:11:5b:42:5a
1361559595.239910 317 223 14:10:9f:cf:e3:b1 ff:ff:ff:ff:ff:ff
1361559595.241054 318 223 22:10:df:fa:32:0b a5:55:fa:ff:ff:ff
1361559595.480779 346 160 1c:14:48:11:e3:c0 33:33:00:00:00:01
1361559595.853468 415 98 00:26:b0:f9:10:8d ff:ff:ff:ff:ff:ff
1361559596.431654 494 1552 3f:b8:24:35:ea:eb d3:96:82:1b:17:68
1361559596.432369 496 28 00:23:6c:88:8f:e0 00:0d:93:8a:98:81
1361559596.434356 497 14 70:ce:22:9e:c5:20 28:0d:fc:58:ba:8c
1361559596.442322 503 1552 e4:11:76:cd:f1:0a 0a:23:3a:ca:bd:10
1361559596.469586 511 348 28:e0:2c:b8:f4:aa 01:00:5e:00:00:fb
1361559596.471336 512 368 28:e0:2c:b8:f4:aa 33:33:00:00:00:fb
1361559596.555974 519 246 00:c0:ca:66:6a:dc 33:33:00:00:00:0c
1361559596.915745 554 14 69:5b:e7:9d:2c:c0 0b:0c:c4:f1:d8:96
1361559596.935243 558 14 00:00:0e:00:00:00 27:51:60:46:0e:00
1361559596.939617 562 1552 07:f5:e4:2c:eb:a9 5f:28:b4:d0:ab:4d
1361559596.944312 566 1552 1e:14:08:67:61:5c f8:44:cc:03:85:a5
1361559596.949294 574 1552 70:06:34:74:8c:bb 4c:08:da:66:c6:c0
1361559597.169076 596 82 50:46:5d:d1:81:c0 01:80:c2:00:00:00
1361559597.192621 599 192 80:1f:02:70:8d:0b f8:d1:11:5b:42:5a
1361559597.193879 601 202 80:1f:02:70:8d:0b f8:d1:11:5b:42:5a
1361559597.195175 603 212 80:1f:02:70:8d:0b f8:d1:11:5b:42:5a
1361559597.196441 605 314 80:1f:02:70:8d:0b f8:d1:11:5b:42:5a
1361559597.196923 606 314 80:1f:02:70:8d:0b f8:d1:11:5b:42:5a
1361559597.199055 610 325 80:1f:02:70:8d:0b f8:d1:11:5b:42:5a
1361559597.199247 611 336 80:1f:02:70:8d:0b f8:d1:11:5b:42:5a
1361559597.199561 612 325 80:1f:02:70:8d:0b f8:d1:11:5b:42:5a
1361559597.199749 613 336 80:1f:02:70:8d:0b f8:d1:11:5b:42:5a
1361559597.200096 614 325 80:1f:02:70:8d:0b f8:d1:11:5b:42:5a
1361559597.200293 615 336 80:1f:02:70:8d:0b f8:d1:11:5b:42:5a
1361559597.200618 616 325 80:1f:02:70:8d:0b f8:d1:11:5b:42:5a
1361559597.200821 617 336 80:1f:02:70:8d:0b f8:d1:11:5b:42:5a
1361559597.201376 618 325 80:1f:02:70:8d:0b f8:d1:11:5b:42:5a
1361559597.201761 619 336 80:1f:02:70:8d:0b f8:d1:11:5b:42:5a
1361559597.205574 623 336 80:1f:02:70:8d:0b f8:d1:11:5b:42:5a
1361559597.207484 629 336 80:1f:02:70:8d:0b f8:d1:11:5b:42:5a
1361559597.207689 630 314 80:1f:02:70:8d:0b f8:d1:11:5b:42:5a
1361559597.207864 631 325 80:1f:02:70:8d:0b f8:d1:11:5b:42:5a
1361559597.208205 633 336 80:1f:02:70:8d:0b f8:d1:11:5b:42:5a
1361559597.209071 637 232 80:1f:02:70:8d:0b f8:d1:11:5b:42:5a
1361559597.220817 640 192 80:1f:02:70:8d:0b f8:d1:11:5b:42:5a
1361559597.221171 641 192 80:1f:02:70:8d:0b f8:d1:11:5b:42:5a
1361559597.222020 643 202 80:1f:02:70:8d:0b f8:d1:11:5b:42:5a
1361559597.235310 646 336 80:1f:02:70:8d:0b f8:d1:11:5b:42:5a
1361559597.235825 647 336 80:1f:02:70:8d:0b f8:d1:11:5b:42:5a
1361559597.238892 649 336 80:1f:02:70:8d:0b f8:d1:11:5b:42:5a
1361559597.259182 662 336 80:1f:02:70:8d:0b f8:d1:11:5b:42:5a
1361559597.264968 666 336 80:1f:02:70:8d:0b f8:d1:11:5b:42:5a
1361559597.266388 667 336 80:1f:02:70:8d:0b f8:d1:11:5b:42:5a
1361559597.309445 687 336 80:1f:02:70:8d:0b f8:d1:11:5b:42:5a
1361559597.310108 688 336 80:1f:02:70:8d:0b f8:d1:11:5b:42:5a
1361559597.314237 690 336 80:1f:02:70:8d:0b f8:d1:11:5b:42:5a
1361559597.326342 701 325 80:1f:02:70:8d:0b f8:d1:11:5b:42:5a
1361559597.335571 704 212 80:1f:02:70:8d:0b f8:d1:11:5b:42:5a
1361559597.339325 707 336 80:1f:02:70:8d:0b f8:d1:11:5b:42:5a
1361559597.340080 708 336 80:1f:02:70:8d:0b f8:d1:11:5b:42:5a
1361559597.345689 712 314 80:1f:02:70:8d:0b f8:d1:11:5b:42:5a
1361559597.346327 713 314 80:1f:02:70:8d:0b f8:d1:11:5b:42:5a
1361559597.360700 722 192 80:1f:02:70:8d:0b f8:d1:11:5b:42:5a
1361559597.362024 724 202 80:1f:02:70:8d:0b f8:d1:11:5b:42:5a
1361559597.363346 726 212 80:1f:02:70:8d:0b f8:d1:11:5b:42:5a
1361559597.364674 728 314 80:1f:02:70:8d:0b f8:d1:11:5b:42:5a
1361559597.365012 729 314 80:1f:02:70:8d:0b f8:d1:11:5b:42:5a
1361559597.365502 730 314 80:1f:02:70:8d:0b f8:d1:11:5b:42:5a
1361559597.366531 731 314 80:1f:02:70:8d:0b f8:d1:11:5b:42:5a
1361559597.370541 738 325 80:1f:02:70:8d:0b f8:d1:11:5b:42:5a
1361559597.373250 739 325 80:1f:02:70:8d:0b f8:d1:11:5b:42:5a
1361559597.374476 741 336 80:1f:02:70:8d:0b f8:d1:71:55:71:e5
1361559597.375607 743 222 80:1f:02:70:8d:0b f8:d1:11:5b:42:5a
1361559597.376668 745 232 80:1f:02:70:8d:0b f8:d1:11:5b:42:5a
1361559597.388394 749 192 80:1f:02:70:8d:0b f8:d1:11:5b:42:5a
1361559597.389492 751 202 80:1f:02:70:8d:0b f8:d1:11:5b:42:5a
1361559597.390551 753 212 80:1f:02:70:8d:0b f8:d1:11:5b:42:5a
1361559597.392010 755 314 80:1f:02:70:8d:0b f8:d1:11:5b:42:5a
1361559597.392523 756 314 80:1f:02:70:8d:0b f8:d1:11:5b:42:5a
1361559597.393130 757 314 80:1f:02:70:8d:0b f8:d1:11:5b:42:5a
1361559597.393449 759 325 80:1f:02:70:8d:0b f8:d1:11:5b:42:5a
1361559597.394240 761 336 80:1f:02:70:8d:0b f8:d1:11:5b:42:5a
1361559597.395447 763 314 80:1f:02:70:8d:0b f8:d1:11:5b:42:5a
1361559597.396026 764 314 80:1f:02:70:8d:0b f8:d1:11:5b:42:5a
1361559597.397841 765 314 80:1f:02:70:8d:0b f8:d1:11:5b:42:5a
1361559597.398110 767 325 80:1f:02:70:8d:0b f8:d1:11:5b:42:5a
1361559597.398313 768 336 80:1f:02:70:8d:0b f8:d1:11:5b:42:5a
1361559597.398625 770 336 80:1f:02:70:8d:0b f8:d1:11:5b:42:5a
1361559597.398941 772 314 80:1f:02:70:8d:0b f8:d1:11:5b:42:5a
1361559597.400121 774 325 80:1f:02:70:8d:0b f8:d1:11:5b:42:5a
1361559597.401277 776 336 80:1f:02:70:8d:0b f8:d1:11:5b:42:5a
1361559597.402448 778 222 80:1f:02:70:8d:0b f8:d1:11:5b:42:5a
1361559597.403147 779 222 80:1f:02:70:8d:0b f8:d1:11:5b:42:5a
1361559597.407801 780 222 80:1f:02:70:8d:0b f8:d1:11:5b:42:5a
1361559597.408406 781 222 80:1f:02:70:8d:0b f8:d1:11:5b:42:5a
1361559597.411478 784 232 80:1f:02:70:8d:0b f8:d1:11:5b:42:5a
1361559597.415490 787 192 80:1f:02:70:8d:0b f8:d1:11:5b:42:5a
1361559597.415898 788 192 80:1f:02:70:8d:0b f8:d1:11:5b:42:5a
1361559597.416691 789 192 80:1f:02:70:8d:0b f8:d1:11:5b:42:5a
1361559597.417087 790 192 80:1f:02:70:8d:0b f8:d1:11:5b:42:5a
1361559597.417732 793 192 80:1f:02:70:8d:0b f8:d1:11:5b:42:5a
1361559597.419119 797 314 80:1f:02:70:8d:0b f8:d1:11:5b:42:5a
1361559597.420337 798 314 80:1f:02:70:8d:0b f8:d1:11:5b:42:5a
1361559597.420857 799 314 80:1f:02:70:8d:0b f8:d1:11:5b:42:5a
1361559597.424054 801 325 80:1f:02:70:8d:0b f8:d1:11:5b:42:5a
1361559597.425350 803 336 80:1f:02:70:8d:0b f8:d1:11:5b:42:5a
1361559597.426513 805 314 80:1f:02:70:8d:0b f8:d1:11:5b:42:5a
1361559597.427042 807 314 80:1f:02:70:8d:0b f8:d1:11:5b:42:5a
1361559597.427738 809 325 80:1f:02:70:8d:0b f8:d1:11:5b:42:5a
1361559597.428907 811 336 80:1f:02:70:8d:0b f8:d1:11:5b:42:5a
1361559597.430085 813 222 80:1f:02:70:8d:0b f8:d1:11:5b:42:5a
1361559597.446084 818 212 80:1f:02:70:8d:0b f8:d1:11:5b:42:5a
1361559597.446587 819 212 80:1f:02:70:8d:0b f8:d1:11:5b:42:5a
1361559597.446898 821 314 80:1f:02:70:8d:0b f8:d1:11:5b:42:5a
1361559597.447212 822 314 80:1f:02:70:8d:0b f8:d1:11:5b:42:5a
1361559597.447530 823 314 80:1f:02:70:8d:0b f8:d1:11:5b:42:5a
1361559597.447825 824 314 80:1f:02:70:8d:0b f8:d1:11:5b:42:5a
1361559597.448639 827 325 80:1f:02:70:8d:0b f8:d1:11:5b:42:5a
1361559597.448967 828 325 80:1f:02:70:8d:0b f8:d1:11:5b:42:5a
1361559597.449280 829 325 80:1f:02:70:8d:0b f8:d1:11:5b:42:5a
1361559597.449607 830 325 80:1f:02:70:8d:0b f8:d1:11:5b:42:5a
1361559597.455618 834 325 80:1f:02:70:8d:0b f8:d1:11:5b:42:5a
1361559597.456412 836 336 80:1f:02:70:8d:0b f8:d1:11:5b:42:5a
1361559597.456591 837 314 80:1f:02:70:8d:0b f8:d1:11:5b:42:5a
1361559597.456761 838 325 80:1f:02:70:8d:0b f8:d1:11:5b:42:5a
1361559597.456963 839 336 80:1f:02:70:8d:0b f8:d1:11:5b:42:5a
1361559597.457153 840 314 80:1f:02:70:8d:0b f8:d1:11:5b:42:5a
1361559597.457471 842 314 80:1f:02:70:8d:0b f8:d1:11:5b:42:5a
1361559597.462198 846 325 80:1f:02:70:8d:0b f8:d1:11:5b:42:5a
1361559597.462388 847 336 80:1f:02:70:8d:0b f8:d1:11:5b:42:5a
1361559597.462568 848 222 80:1f:02:70:8d:0b f8:d1:11:5b:42:5a
1361559597.462660 849 232 80:1f:02:70:8d:0b f8:d1:11:5b:42:5a
1361559597.475846 855 314 80:1f:02:70:8d:0b f8:d1:11:5b:42:5a
1361559597.476273 856 314 80:1f:02:70:8d:0b f8:d1:11:5b:42:5a
1361559597.479380 859 325 80:1f:02:70:8d:0b f8:d1:11:5b:42:5a
1361559597.479582 860 336 80:1f:02:70:8d:0b f8:d1:11:5b:42:5a
1361559597.479795 861 314 80:1f:02:70:8d:0b f8:d1:11:5b:42:5a
1361559597.483530 865 325 80:1f:02:70:8d:0b f8:d1:11:5b:42:5a
1361559597.483674 866 336 80:1f:02:70:8d:0b f8:d1:11:5b:42:5a
1361559597.483785 867 314 80:1f:02:70:8d:0b f8:d1:11:5b:42:5a
1361559597.484198 868 336 80:1f:02:70:8d:0b f8:d1:11:5b:42:5a
1361559597.484318 869 314 80:1f:02:70:8d:0b f8:d1:11:5b:42:5a
1361559597.484709 871 336 80:1f:02:70:8d:0b f8:d1:11:5b:42:5a
1361559597.485119 872 336 80:1f:02:70:8d:0b f8:d1:11:5b:42:5a
1361559597.486915 875 336 80:1f:02:70:8d:0b f8:d1:11:5b:42:5a
1361559597.487416 877 325 80:1f:02:70:8d:0b f8:d1:11:5b:42:5a
1361559597.487626 878 336 80:1f:02:70:8d:0b f8:d1:11:5b:42:5a
1361559597.487770 879 222 80:1f:02:70:8d:0b f8:d1:11:5b:42:5a
1361559597.487908 880 232 80:1f:02:70:8d:0b f8:d1:11:5b:42:5a
1361559597.502233 890 202 80:1f:02:70:8d:0b f8:d1:11:5b:42:5a
1361559597.502910 891 202 80:1f:02:70:8d:0b f8:d1:11:5b:42:5a
1361559597.507007 895 202 80:1f:02:70:8d:0b f8:d1:11:5b:42:5a
1361559597.507587 897 212 80:1f:02:70:8d:0b f8:d1:11:5b:42:5a
1361559597.507703 898 314 80:1f:02:70:8d:0b f8:d1:11:5b:42:5a
1361559597.507896 899 325 80:1f:02:70:8d:0b f8:d1:11:5b:42:5a
1361559597.508108 900 336 80:1f:02:70:8d:0b f8:d1:11:5b:42:5a
1361559597.508292 901 314 80:1f:02:70:8d:0b f8:d1:11:5b:42:5a
1361559597.509414 904 212 80:1f:02:70:8d:0b f8:d1:11:5b:42:5a
1361559597.509610 905 314 80:1f:02:70:8d:0b f8:d1:11:5b:42:5a
1361559597.509831 906 325 80:1f:02:70:8d:0b f8:d1:11:5b:42:5a
1361559597.510025 907 336 80:1f:02:70:8d:0b f8:d1:11:5b:42:5a
1361559597.510211 908 314 80:1f:02:70:8d:0b f8:d1:11:5b:42:5a
1361559597.510548 910 314 80:1f:02:70:8d:0b f8:d1:11:5b:42:5a
1361559597.510748 911 325 80:1f:02:70:8d:0b f8:d1:11:5b:42:5a
1361559597.510972 912 336 80:1f:02:70:8d:0b f8:d1:11:5b:42:5a
1361559597.511141 913 314 80:1f:02:70:8d:0b f8:d1:11:5b:42:5a
1361559597.511466 914 314 80:1f:02:70:8d:0b f8:d1:11:5b:42:5a
1361559597.511683 915 325 80:1f:02:70:8d:0b f8:d1:11:5b:42:5a
1361559597.511879 916 336 80:1f:02:70:8d:0b f8:d1:11:5b:42:5a
1361559597.512069 917 314 80:1f:02:70:8d:0b f8:d1:11:5b:42:5a
1361559597.512955 921 314 80:1f:02:70:8d:0b f8:d1:11:5b:42:5a
1361559597.513324 922 325 80:1f:02:70:8d:0b f8:d1:11:5b:42:5a
1361559597.516124 923 314 80:1f:02:70:8d:0b f8:d1:11:5b:42:5a
1361559597.520145 925 314 80:1f:02:70:8d:0b f8:d1:11:5b:42:5a
1361559597.524428 928 314 80:1f:02:70:8d:0b f8:d1:11:5b:42:5a
1361559597.528267 931 325 80:1f:02:70:8d:0b f8:d1:11:5b:42:5a
1361559597.529029 935 325 80:1f:02:70:8d:0b f8:d1:11:5b:42:5a
1361559597.529234 936 336 80:1f:02:70:8d:0b f8:d1:11:5b:42:5a
1361559597.529438 937 314 80:1f:02:70:8d:0b f8:d1:11:5b:42:5a
1361559597.529640 938 325 80:1f:02:70:8d:0b f8:d1:11:5b:42:5a
1361559597.529846 939 336 80:1f:02:70:8d:0b f8:d1:11:5b:42:5a
1361559597.529964 940 222 80:1f:02:70:8d:0b f8:d1:11:5b:42:5a
1361559597.530943 944 314 80:1f:02:70:8d:0b f8:d1:11:5b:42:5a
1361559597.532291 946 325 80:1f:02:70:8d:0b f8:d1:11:5b:42:5a
1361559597.534645 949 314 80:1f:02:70:8d:0b f8:d1:11:5b:42:5a
1361559597.535129 950 314 80:1f:02:70:8d:0b f8:d1:11:5b:42:5a
1361559597.535548 951 314 80:1f:02:70:8d:0b f8:d1:11:5b:42:5a
1361559597.537013 952 314 80:1f:02:70:8d:0b f8:d1:11:5b:42:5a
1361559597.541270 959 336 80:1f:02:70:8d:0b f8:d1:11:5b:42:5a
1361559597.541493 961 222 80:1f:02:70:8d:0b f8:d1:11:5b:42:5a
1361559597.542006 962 222 80:1f:02:70:8d:0b f8:d1:11:5b:42:5a
1361559597.543669 965 232 80:1f:02:70:8d:0b f8:d1:11:5b:42:5a
1361559597.544039 966 232 80:1f:02:70:8d:0b f8:d1:11:5b:42:5a
1361559597.545506 967 232 80:1f:02:70:8d:0b f8:d1:11:5b:42:5a
1361559597.557766 973 212 80:1f:02:70:8d:0b f8:d1:11:5b:42:5a
1361559597.559177 975 314 80:1f:02:70:8d:0b f8:d1:11:5b:42:5a
1361559597.559798 976 314 80:1f:02:70:8d:0b f8:d1:11:5b:42:5a
1361559597.562280 977 314 80:1f:02:70:8d:0b f8:d1:11:5b:42:5a
1361559597.563877 978 314 80:1f:02:70:8d:0b f8:d1:11:5b:42:5a
1361559597.569638 982 314 80:1f:02:70:8d:0b f8:d1:11:5b:42:5a
1361559597.576105 985 314 80:1f:02:70:8d:0b f8:d1:11:5b:42:5a
1361559597.576887 987 325 80:1f:02:70:8d:0b f8:d1:11:5b:42:5a
1361559597.577102 988 336 80:1f:02:70:8d:0b f8:d1:11:5b:42:5a
1361559597.577295 989 314 80:1f:02:70:8d:0b f8:d1:11:5b:42:5a
1361559597.577529 990 325 80:1f:02:70:8d:0b f8:d1:11:5b:42:5a
1361559597.577705 991 336 80:1f:02:70:8d:0b f8:d1:11:5b:42:5a
1361559597.578038 993 325 80:1f:02:70:8d:0b f8:d1:11:5b:42:5a
1361559597.578246 994 336 80:1f:02:70:8d:0b f8:d1:11:5b:42:5a
1361559597.578434 995 325 80:1f:02:70:8d:0b f8:d1:11:5b:42:5a
1361559597.578778 997 325 80:1f:02:70:8d:0b f8:d1:11:5b:42:5a
1361559597.578962 998 336 80:1f:02:70:8d:0b f8:d1:11:5b:42:5a
1361559597.580173 1002 325 80:1f:02:70:8d:0b f8:d1:11:5b:42:5a
1361559597.580588 1003 336 80:1f:02:70:8d:0b f8:d1:11:5b:42:5a
1361559597.580920 1005 314 80:1f:02:70:8d:0b f8:d1:11:5b:42:5a
1361559597.581123 1006 325 80:1f:02:70:8d:0b f8:d1:11:5b:42:5a
1361559597.581349 1007 336 80:1f:02:70:8d:0b f8:d1:11:5b:42:5a
1361559597.581476 1008 222 80:1f:02:70:8d:0b f8:d1:11:5b:42:5a
1361559597.581598 1009 232 80:1f:02:70:8d:0b f8:d1:11:5b:42:5a
1361559597.584977 1015 192 80:1f:02:70:8d:0b f8:d1:11:5b:42:5a
1361559597.585095 1016 202 80:1f:02:70:8d:0b f8:d1:11:5b:42:5a
1361559597.586083 1018 212 80:1f:02:70:8d:0b f8:d1:11:5b:42:5a
1361559597.587402 1020 314 80:1f:02:70:8d:0b f8:d1:11:5b:42:5a
1361559597.588070 1021 314 80:1f:02:70:8d:0b f8:d1:11:5b:42:5a
1361559597.588974 1022 314 80:1f:02:70:8d:0b f8:d1:11:5b:42:5a
1361559597.589461 1023 314 80:1f:02:70:8d:0b f8:d1:11:5b:42:5a
1361559597.591692 1028 325 80:1f:02:70:8d:0b f8:d1:11:5b:42:5a
1361559597.591893 1029 336 80:1f:02:70:8d:0b f8:d1:11:5b:42:5a
1361559597.592084 1030 314 80:1f:02:70:8d:0b f8:d1:11:5b:42:5a
1361559597.592385 1032 314 80:1f:02:70:8d:0b f8:d1:11:5b:42:5a
1361559597.593456 1035 336 80:1f:02:70:8d:0b f8:d1:11:5b:42:5a
1361559597.594616 1037 314 80:1f:02:70:8d:0b f8:d1:11:5b:42:5a
1361559597.595772 1039 325 80:1f:02:70:8d:0b f8:d1:11:5b:42:5a
1361559597.596963 1041 336 80:1f:02:70:8d:0b f8:d1:11:5b:42:5a
1361559597.597496 1042 336 80:1f:02:70:8d:0b f8:d1:11:5b:42:5a
1361559597.598115 1043 336 80:1f:02:70:8d:0b f8:d1:11:5b:42:5a
1361559597.598825 1044 336 80:1f:02:70:8d:0b f8:d1:11:5b:42:5a
1361559597.628644 1052 336 80:1f:02:70:8d:0b f8:d1:11:5b:42:5a
1361559597.630207 1056 336 80:1f:02:70:8d:0b f8:d1:11:5b:42:5a
1361559597.630392 1057 314 80:1f:02:70:8d:0b f8:d1:11:5b:42:5a
1361559597.630595 1058 325 80:1f:02:70:8d:0b f8:d1:11:5b:42:5a
1361559597.630789 1059 336 80:1f:02:70:8d:0b f8:d1:11:5b:42:5a
1361559597.630968 1060 314 80:1f:02:70:8d:0b f8:d1:11:5b:42:5a
1361559597.631327 1062 336 80:1f:02:70:8d:0b f8:d1:11:5b:42:5a
1361559597.631497 1063 314 80:1f:02:70:8d:0b f8:d1:11:5b:42:5a
1361559597.631881 1065 336 80:1f:02:70:8d:0b f8:d1:11:5b:42:5a
1361559597.632214 1067 325 80:1f:02:70:8d:0b f8:d1:11:5b:42:5a
1361559597.632421 1068 336 80:1f:02:70:8d:0b f8:d1:11:5b:42:5a
1361559597.632567 1069 222 80:1f:02:70:8d:0b f8:d1:11:5b:42:5a
1361559597.632702 1070 232 80:1f:02:70:8d:0b f8:d1:11:5b:42:5a
1361559597.633026 1072 336 80:1f:02:70:8d:0b f8:d1:11:5b:42:5a
1361559597.640369 1075 192 80:1f:02:70:8d:0b f8:d1:11:5b:42:5a
1361559597.640777 1076 192 80:1f:02:70:8d:0b f8:d1:11:5b:42:5a
1361559597.641585 1077 192 80:1f:02:70:8d:0b f8:d1:11:5b:42:5a
1361559597.642725 1078 192 80:1f:02:70:8d:0b f8:d1:11:5b:42:5a
1361559597.644846 1080 192 80:1f:02:70:8d:0b f8:d1:11:5b:42:5a
1361559597.645112 1082 202 80:1f:02:70:8d:0b f8:d1:11:5b:42:5a
1361559597.645455 1083 212 80:1f:02:70:8d:0b f8:d1:11:5b:42:5a
1361559597.645643 1084 325 80:1f:02:70:8d:0b f8:d1:11:5b:42:5a
1361559597.645900 1086 212 80:1f:02:70:8d:0b f8:d1:11:5b:42:5a
1361559597.646085 1087 314 80:1f:02:70:8d:0b f8:d1:11:5b:42:5a
1361559597.646347 1088 212 80:1f:02:70:8d:0b f8:d1:11:5b:42:5a
1361559597.646529 1089 314 80:1f:02:70:8d:0b f8:d1:11:5b:42:5a
1361559597.646799 1090 212 80:1f:02:70:8d:0b f8:d1:11:5b:42:5a
1361559597.646976 1091 314 80:1f:02:70:8d:0b f8:d1:11:5b:42:5a
1361559597.650678 1095 212 80:1f:02:70:8d:0b f8:d1:11:5b:42:5a
1361559597.653700 1097 314 80:1f:02:70:8d:0b f8:d1:11:5b:42:5a
1361559597.655327 1103 336 80:1f:02:70:8d:0b f8:d1:11:5b:42:5a
1361559597.655472 1104 314 80:1f:02:70:8d:0b f8:d1:11:5b:42:5a
1361559597.655676 1105 325 80:1f:02:70:8d:0b f8:d1:11:5b:42:5a
1361559597.655887 1106 336 80:1f:02:70:8d:0b f8:d1:11:5b:42:5a
1361559597.656075 1107 314 80:1f:02:70:8d:0b f8:d1:11:5b:42:5a
1361559597.656587 1109 306 96:f2:d6:8c:45:00 d7:f8:c2:ef:dd:84
1361559597.656889 1111 314 80:1f:02:70:8d:0b f8:d1:11:5b:42:5a
1361559597.657221 1113 325 80:1f:02:70:8d:0b f8:d1:11:5b:42:5a
1361559597.657427 1114 336 80:1f:02:70:8d:0b f8:d1:11:5b:42:5a
1361559597.657575 1115 222 80:1f:02:70:8d:0b f8:d1:11:5b:42:5a
1361559597.657704 1116 232 80:1f:02:70:8d:0b f8:d1:11:5b:42:5a
1361559597.668035 1118 192 80:1f:02:70:8d:0b f8:d1:11:5b:42:5a
1361559597.669085 1120 202 80:1f:02:70:8d:0b f8:d1:11:5b:42:5a
1361559597.669480 1121 202 80:1f:02:70:8d:0b f8:d1:11:5b:42:5a
1361559597.670319 1122 202 80:1f:02:70:8d:0b f8:d1:11:5b:42:5a
1361559597.671226 1123 202 80:1f:02:70:8d:0b f8:d1:11:5b:42:5a
1361559597.674157 1128 212 80:1f:02:70:8d:0b f8:d1:11:5b:42:5a
1361559597.674238 1129 314 80:1f:02:70:8d:0b f8:d1:11:5b:42:5a
1361559597.674462 1130 325 80:1f:02:70:8d:0b f8:d1:11:5b:42:5a
1361559597.674643 1131 336 80:1f:02:70:8d:0b f8:d1:11:5b:42:5a
1361559597.675272 1133 314 80:1f:02:70:8d:0b f8:d1:11:5b:42:5a
1361559597.676454 1135 325 80:1f:02:70:8d:0b f8:d1:11:5b:42:5a
1361559597.677641 1137 336 80:1f:02:70:8d:0b f8:d1:11:5b:42:5a
1361559597.680695 1140 314 80:1f:02:70:8d:0b f8:d1:11:5b:42:5a
1361559597.682237 1145 325 80:1f:02:70:8d:0b f8:d1:11:5b:42:5a
1361559597.682422 1146 336 80:1f:02:70:8d:0b f8:d1:11:5b:42:5a
1361559597.682778 1148 325 80:1f:02:70:8d:0b f8:d1:11:5b:42:5a
1361559597.683076 1149 325 80:1f:02:70:8d:0b f8:d1:11:5b:42:5a
1361559597.683390 1150 325 80:1f:02:70:8d:0b f8:d1:11:5b:42:5a
1361559597.687533 1156 24 e0:f8:47:32:a6:2a f8:d1:11:5b:42:5a
1361559597.687963 1158 618 f8:d1:11:5b:42:5a e0:f8:47:32:a6:2a
1361559597.688219 1159 294 f8:d1:11:5b:42:5a e0:f8:47:32:a6:2a
1361559597.688490 1161 94 e0:f8:47:32:a6:2a f8:d1:11:5b:42:5a
1361559597.688868 1164 94 e0:f8:47:32:a6:2a f8:d1:11:5b:42:5a
1361559597.696880 1166 192 80:1f:02:70:8d:0b f8:d1:11:5b:42:5a
1361559597.697043 1168 202 80:1f:02:70:8d:0b f8:d1:11:5b:42:5a
1361559597.699541 1172 314 80:1f:02:70:8d:0b f8:d1:11:5b:42:5a
1361559597.701327 1174 325 80:1f:02:70:8d:0b f8:d1:11:5b:42:5a
1361559597.704152 1178 314 80:1f:02:70:8d:0b f8:d1:11:5b:42:5a
1361559597.704467 1179 314 80:1f:02:70:8d:0b f8:d1:11:5b:42:5a
1361559597.705349 1182 325 80:1f:02:70:8d:0b f8:d1:11:5b:42:5a
1361559597.705534 1183 336 80:1f:02:70:8d:0b f8:d1:11:5b:42:5a
1361559597.706686 1185 314 80:1f:02:70:8d:0b f8:d1:11:5b:42:5a
1361559597.707873 1187 325 80:1f:02:70:8d:0b f8:d1:11:5b:42:5a
1361559597.709073 1189 336 80:1f:02:70:8d:0b f8:d1:11:5b:42:5a
1361559597.710175 1191 222 80:1f:02:70:8d:0b f8:d1:11:5b:42:5a
1361559597.711342 1193 232 80:1f:02:70:8d:0b f8:d1:11:5b:42:5a
1361559597.723658 1196 192 80:1f:02:70:8d:0b f8:d1:11:5b:42:5a
1361559597.723992 1197 192 80:1f:02:70:8d:0b f8:d1:11:5b:42:5a
1361559597.724768 1198 192 80:1f:02:70:8d:0b f8:d1:11:5b:42:5a
1361559597.725085 1199 192 80:1f:02:70:8d:0b f8:d1:11:5b:42:5a
1361559597.726733 1202 192 80:1f:02:70:8d:0b f8:d1:11:5b:42:5a
1361559597.727406 1206 314 80:1f:02:70:8d:0b f8:d1:11:5b:42:5a
1361559597.729755 1208 336 80:1f:02:70:8d:0b f8:d1:11:5b:42:5a
1361559597.730906 1210 314 80:1f:02:70:8d:0b f8:d1:11:5b:42:5a
1361559597.732043 1212 325 80:1f:02:70:8d:0b f8:d1:11:5b:42:5a
1361559597.732667 1213 325 80:1f:02:70:8d:0b f8:d1:11:5b:42:5a
1361559597.734504 1214 325 80:1f:02:70:8d:0b f8:d1:11:5b:42:5a
1361559597.735219 1215 325 80:1f:02:70:8d:0b f8:d1:11:5b:42:5a
1361559597.739829 1219 325 80:1f:02:70:8d:0b f8:d1:11:5b:42:5a
1361559597.741842 1222 325 80:1f:02:70:8d:0b f8:d1:11:5b:42:5a
1361559597.741952 1223 336 80:1f:02:70:8d:0b f8:d1:11:5b:42:5a
1361559597.746234 1225 28 00:23:6c:88:2f:ba 00:0d:93:8a:98:81
1361559597.753044 1227 192 80:1f:02:70:8d:0b f8:d1:11:5b:42:5a
1361559597.753589 1228 192 80:1f:02:70:8d:0b f8:d1:11:5b:42:5a
1361559597.754982 1229 192 80:1f:02:70:8d:0b f8:d1:11:5b:42:5a
1361559597.756241 1232 192 80:1f:02:70:8d:0b f8:d1:11:5b:42:5a
1361559597.757729 1236 303 80:1f:02:70:8d:0b f8:d1:11:5b:42:5a
1361559597.758116 1237 303 80:1f:02:70:8d:0b f8:d1:11:5b:42:5a
1361559597.758938 1238 303 80:1f:02:70:8d:0b f8:d1:11:5b:42:5a
1361559597.760094 1239 303 80:1f:02:70:8d:0b f8:d1:11:5b:42:5a
1361559597.763960 1244 281 80:1f:02:70:8d:0b f8:d1:11:5b:42:5a
1361559597.764103 1245 292 80:1f:02:70:8d:0b f8:d1:11:5b:42:5a
1361559597.764288 1246 303 80:1f:02:70:8d:0b f8:d1:11:5b:42:5a
1361559597.764467 1247 281 80:1f:02:70:8d:0b f8:d1:11:5b:42:5a
1361559597.764638 1248 292 80:1f:02:70:8d:0b f8:d1:11:5b:42:5a
1361559597.765296 1250 417 eb:31:ef:33:ce:bf 1b:a9:83:cc:56:7d
1361559597.765897 1254 303 80:1f:02:70:8d:0b f8:d1:11:5b:42:5a
1361559597.766014 1255 222 80:1f:02:70:8d:0b f8:d1:11:5b:42:5a
1361559597.767410 1257 232 80:1f:02:70:8d:0b f8:d1:11:5b:42:5a
1361559597.767865 1258 232 80:1f:02:70:8d:0b f8:d1:11:5b:42:5a
1361559597.768280 1259 232 80:1f:02:70:8d:0b f8:d1:11:5b:42:5a
1361559597.778963 1261 192 80:1f:02:70:8d:0b f8:d1:11:5b:42:5a
1361559597.779379 1262 192 80:1f:02:70:8d:0b f8:d1:11:5b:42:5a
1361559597.780233 1264 202 80:1f:02:70:8d:0b f8:d1:11:5b:42:5a
1361559597.795035 1279 292 80:1f:02:70:8d:0b f8:d1:11:5b:42:5a
1361559597.795125 1280 303 80:1f:02:70:8d:0b f8:d1:11:5b:42:5a
1361559597.795371 1281 222 80:1f:02:70:8d:0b f8:d1:11:5b:42:5a
1361559597.795589 1283 222 80:1f:02:70:8d:0b f8:d1:11:5b:42:5a
1361559597.795812 1285 232 80:1f:02:70:8d:0b f8:d1:11:5b:42:5a
1361559597.807302 1287 192 80:1f:02:70:8d:0b f8:d1:11:5b:42:5a
1361559597.808508 1289 202 80:1f:02:70:8d:0b f8:d1:11:5b:42:5a
1361559597.810380 1291 212 80:1f:02:70:8d:0b f8:d1:11:5b:42:5a
1361559597.813224 1300 292 80:1f:02:70:8d:0b f8:d1:11:5b:42:5a
1361559597.813398 1301 303 80:1f:02:70:8d:0b f8:d1:11:5b:42:5a
1361559597.813737 1303 292 80:1f:02:70:8d:0b f8:d1:11:5b:42:5a
1361559597.814002 1304 292 80:1f:02:70:8d:0b f8:d1:11:5b:42:5a
1361559597.814311 1305 292 80:1f:02:70:8d:0b f8:d1:11:5b:42:5a
1361559597.817448 1306 292 80:1f:02:70:8d:0b f8:d1:11:5b:42:5a
1361559597.819714 1316 292 80:1f:02:70:8d:0b f8:d1:11:5b:42:5a
1361559597.820380 1318 303 80:1f:02:70:8d:0b f8:d1:11:5b:42:5a
1361559597.821512 1320 222 80:1f:02:70:8d:0b f8:d1:11:5b:42:5a
1361559597.823163 1322 232 80:1f:02:70:8d:0b f8:d1:11:5b:42:5a
1361559597.834566 1324 192 80:1f:02:70:8d:0b f8:d1:11:5b:42:5a
1361559597.834938 1325 192 80:1f:02:70:8d:0b f8:d1:11:5b:42:5a
1361559597.835324 1326 192 80:1f:02:70:8d:0b f8:d1:11:5b:42:5a
1361559597.836071 1327 192 80:1f:02:70:8d:0b f8:d1:11:5b:42:5a
1361559597.836704 1330 192 80:1f:02:70:8d:0b f8:d1:11:5b:42:5a
1361559597.838646 1336 202 80:1f:02:70:8d:0b f8:d1:11:5b:42:5a
1361559597.838883 1337 212 80:1f:02:70:8d:0b f8:d1:11:5b:42:5a
1361559597.840820 1338 202 80:1f:02:70:8d:0b f8:d1:11:5b:42:5a
1361559597.843842 1342 212 80:1f:02:70:8d:0b f8:d1:11:5b:42:c2
1361559597.844375 1344 281 80:1f:02:70:8d:0b f8:d1:11:5b:42:5a
1361559597.844528 1345 292 80:1f:02:70:8d:0b f8:d1:11:5b:42:5a
1361559597.844720 1346 303 80:1f:02:70:8d:0b f8:d1:11:5b:42:5a
1361559597.844904 1347 281 80:1f:02:70:8d:0b f8:d1:11:5b:42:5a
1361559597.845077 1348 292 80:1f:02:70:8d:0b f8:d1:11:5b:42:5a
1361559597.845279 1349 303 80:1f:02:70:8d:0b f8:d1:11:5b:42:5a
1361559597.846706 1355 292 80:1f:02:70:8d:0b f8:d1:11:5b:42:5a
1361559597.848208 1357 303 80:1f:02:70:8d:0b f8:d1:11:5b:42:5a
1361559597.848893 1358 303 80:1f:02:70:8d:0b f8:d1:11:5b:42:5a
1361559597.849449 1359 303 80:1f:02:70:8d:0b f8:d1:11:5b:42:5a
1361559597.850369 1360 303 80:1f:02:70:8d:0b f8:d1:11:5b:42:5a
1361559597.862309 1366 303 80:1f:02:70:8d:0b f8:d1:11:5b:42:5a
1361559597.862992 1370 222 80:1f:02:70:8d:0b f8:d1:11:5b:42:5a
1361559597.863108 1371 232 80:1f:02:70:8d:0b f8:d1:11:5b:42:5a
1361559597.863205 1372 192 80:1f:02:70:8d:0b f8:d1:11:5b:42:5a
1361559597.863450 1374 202 80:1f:02:70:8d:0b f8:d1:11:5b:42:5a
1361559597.864610 1376 212 80:1f:02:70:8d:0b f8:d1:11:5b:42:5a
1361559597.871699 1384 281 80:1f:02:70:8d:0b f8:d1:11:5b:42:5a
1361559597.872018 1386 292 80:1f:02:70:8d:0b f8:d1:11:5b:42:5a
1361559597.872183 1387 303 80:1f:02:70:8d:0b f8:d1:11:5b:42:5a
1361559597.872357 1388 281 80:1f:02:70:8d:0b f8:d1:11:5b:42:5a
1361559597.872556 1389 292 80:1f:02:70:8d:0b f8:d1:11:5b:42:5a
1361559597.872708 1390 303 80:1f:02:70:8d:0b f8:d1:11:5b:42:5a
1361559597.888281 1402 292 80:1f:02:70:8d:0b f8:d1:11:5b:42:5a
1361559597.888465 1403 303 80:1f:02:70:8d:0b f8:d1:11:5b:42:5a
1361559597.888589 1404 222 80:1f:02:70:8d:0b f8:d1:11:5b:42:5a
1361559597.888722 1405 232 80:1f:02:70:8d:0b f8:d1:11:5b:42:5a
1361559597.889065 1407 303 80:1f:02:70:8d:0b f8:d1:11:5b:42:5a
1361559597.889186 1408 222 80:1f:02:70:8d:0b f8:d1:11:5b:42:5a
1361559597.889482 1410 222 80:1f:02:70:8d:0b f8:d1:11:5b:42:5a
1361559597.892110 1414 297 1e:9e:82:bd:e2:c1 b3:51:80:cc:06:4c
1361559597.893110 1416 24 e0:f8:47:32:a6:2a f8:d1:11:5b:42:5a
1361559597.898049 1424 281 80:1f:02:70:8d:0b f8:d1:11:5b:42:5a
1361559597.900151 1427 303 80:1f:02:70:8d:0b f8:d1:11:5b:42:5a
1361559597.902148 1432 292 80:1f:02:70:8d:0b f8:d1:11:5b:42:5a
1361559597.903748 1434 303 80:1f:02:70:8d:0b f8:d1:11:5b:42:5a
1361559597.904590 1436 222 80:1f:02:70:8d:0b f8:d1:11:5b:42:5a
1361559597.905765 1438 232 80:1f:02:70:8d:0b f8:d1:11:5b:42:5a
1361559597.907122 1439 232 80:1f:02:70:8d:0b f8:d1:11:5b:42:5a
1361559597.917265 1447 192 80:1f:02:70:8d:0b f8:d1:11:5b:42:5a
1361559597.918140 1450 14 ac:0c:44:8e:2d:c0 1c:3c:16:28:5b:4c
1361559597.918360 1451 202 80:1f:02:70:8d:0b f8:d1:11:5b:42:5a
1361559597.919561 1455 212 80:1f:02:70:8d:0b f8:d1:11:5b:42:5a
1361559597.919981 1456 212 80:1f:02:70:8d:0b f8:d1:11:5b:42:5a
1361559597.920400 1457 212 80:1f:02:70:8d:0b f8:d1:11:5b:42:5a
1361559597.920861 1458 212 80:1f:02:70:8d:0b f8:d1:11:5b:42:5a
1361559597.923045 1464 281 80:1f:02:70:8d:0b f8:d1:11:5b:42:5a
1361559597.923222 1465 292 80:1f:02:70:8d:0b f8:d1:11:5b:42:5a
1361559597.923389 1466 303 80:1f:02:70:8d:0b f8:d1:11:5b:42:5a
1361559597.923704 1468 303 80:1f:02:70:8d:0b f8:d1:11:5b:42:5a
1361559597.925706 1472 292 80:1f:02:70:8d:0b f8:d1:11:5b:42:5a
1361559597.926691 1474 303 80:1f:02:70:8d:0b f8:d1:11:5b:42:5a
1361559597.927202 1475 303 80:1f:02:70:8d:0b f8:d1:11:5b:42:5a
1361559597.927870 1476 303 80:1f:02:70:8d:0b f8:d1:11:5b:42:5a
1361559597.928600 1477 303 80:1f:02:70:8d:0b f8:d1:11:5b:42:5a
1361559597.932982 1485 303 80:1f:02:70:8d:0b f8:d1:11:5b:42:5a
1361559597.933228 1487 232 80:1f:02:70:8d:0b f8:d1:11:5b:42:5a
1361559597.944674 1492 192 80:1f:02:70:8d:0b f8:d1:11:5b:42:5a
1361559597.945876 1496 202 80:1f:02:70:8d:0b f8:d1:11:5b:42:5a
1361559597.949427 1501 292 80:1f:02:70:8d:0b f8:d1:11:5b:42:5a
1361559597.950019 1502 292 80:1f:02:70:8d:0b f8:d1:11:5b:42:5a
1361559597.950448 1503 292 80:1f:02:70:8d:0b f8:d1:11:5b:42:5a
1361559597.950827 1504 292 80:1f:02:70:8d:0b f8:d1:11:5b:42:5a
1361559597.957851 1507 292 80:1f:02:70:8d:0b f8:d1:11:5b:42:5a
1361559597.961691 1512 432 4a:d7:82:bd:e2:41 d7:22:7a:91:ca:f7
1361559597.961982 1514 303 80:1f:02:70:8d:0b f8:d1:11:5b:42:5a
1361559597.962554 1516 366 4a:9b:6d:df:54:2a b3:61:61:98:ca:f7
1361559597.969334 1524 14 27:51:a5:d9:0e:00 07:36:e3:33:31:8b
1361559597.973221 1525 192 80:1f:02:70:8d:0b f8:d1:11:5b:42:5a
1361559597.973701 1526 192 80:1f:02:70:8d:0b f8:d1:11:5b:42:5a
1361559597.974331 1529 202 80:1f:02:70:8d:0b f8:d1:11:5b:42:5a
1361559597.975202 1532 212 80:1f:02:70:8d:0b f8:d1:11:5b:42:5a
1361559597.977766 1536 292 80:1f:02:70:8d:0b f8:d1:11:5b:42:5a
1361559597.978228 1537 292 80:1f:02:70:8d:0b f8:d1:11:5b:42:5a
1361559597.978951 1538 292 80:1f:02:70:8d:0b f8:d1:11:5b:42:5a
1361559597.980100 1539 292 80:1f:02:70:8d:0b f8:d1:11:5b:42:5a
1361559597.984036 1546 303 80:1f:02:70:8d:0b f8:d1:11:5b:42:5a
1361559597.984208 1547 292 80:1f:02:70:8d:0b f8:d1:11:5b:42:5a
1361559597.984528 1548 303 80:1f:02:70:8d:0b f8:d1:11:5b:42:5a
1361559597.984701 1549 292 80:1f:02:70:8d:0b f8:d1:11:5b:42:5a
1361559597.985018 1550 303 80:1f:02:70:8d:0b f8:d1:11:5b:42:5a
1361559597.985193 1551 292 80:1f:02:70:8d:0b f8:d1:11:5b:42:5a
1361559597.989515 1554 292 80:1f:02:70:8d:0b f8:d1:11:5b:42:5a
1361559597.990279 1558 281 80:1f:02:70:8d:0b f8:d1:11:5b:42:5a
1361559597.990465 1559 292 80:1f:02:70:8d:0b f8:d1:11:5b:42:5a
1361559597.990649 1560 303 80:1f:02:70:8d:0b f8:d1:11:5b:42:5a
1361559597.990798 1561 222 80:1f:02:70:8d:0b f8:d1:11:5b:42:5a
1361559597.990917 1562 232 80:1f:02:70:8d:0b f8:d1:11:5b:42:5a
1361559598.2855 1571 152 60:33:4b:0c:1d:e0 ff:ff:ff:ff:ff:ff
1361559598.4843 1577 281 80:1f:02:70:8d:0b f8:d1:11:5b:42:5a
1361559598.4988 1578 281 80:1f:02:70:8d:0b f8:d1:11:5b:42:5a
1361559598.5226 1579 281 80:1f:02:70:8d:0b f8:d1:11:5b:42:5a
1361559598.6183 1581 281 80:1f:02:70:8d:0b f8:d1:11:5b:42:5a
1361559598.6703 1583 292 80:1f:02:70:8d:0b f8:d1:11:5b:42:5a
1361559598.6847 1584 303 80:1f:02:70:8d:0b f8:d1:11:5b:42:5a
1361559598.9644 1590 292 80:1f:02:70:8d:0b f8:d1:11:5b:42:5a
1361559598.10218 1591 292 80:1f:02:70:8d:0b f8:d1:11:5b:42:5a
1361559598.10637 1592 292 80:1f:02:70:8d:0b f8:d1:11:5b:42:5a
1361559598.13089 1596 303 80:1f:02:70:8d:0b f8:d1:11:5b:42:5a
1361559598.13201 1597 281 80:1f:02:70:8d:0b f8:d1:11:5b:42:5a
1361559598.13332 1598 292 80:1f:02:70:8d:0b f8:d1:11:5b:42:5a
1361559598.13594 1600 292 80:1f:02:70:8d:0b f8:d1:11:5b:42:5a
1361559598.13879 1601 292 80:1f:02:70:8d:0b f8:d1:11:5b:42:5a
1361559598.14188 1602 292 80:1f:02:70:8d:0b f8:d1:11:5b:42:5a
1361559598.14474 1604 303 80:1f:02:70:8d:0b f8:d1:11:5b:42:5a
1361559598.14798 1605 303 80:1f:02:70:8d:0b f8:d1:11:5b:42:5a
1361559598.30024 1618 192 80:1f:02:70:8d:0b f8:d1:11:5b:42:5a
1361559598.30776 1619 192 80:1f:02:70:8d:0b f8:d1:11:5b:42:5a
1361559598.32230 1620 192 80:1f:02:70:8d:0b f8:d1:11:5b:42:5a
1361559598.35130 1625 192 80:1f:02:70:8d:0b f8:d1:11:5b:42:5a
1361559598.36252 1629 202 80:1f:02:70:8d:0b f8:d1:11:5b:42:5a
1361559598.36822 1633 292 80:1f:02:70:8d:0b f8:d1:11:5b:42:5a
1361559598.38117 1635 303 80:1f:02:70:8d:0b f8:d1:11:5b:42:5a
1361559598.38788 1637 1552 52:07:66:fc:1a:7b 9a:eb:ed:0b:f3:e7
1361559598.40865 1640 292 80:1f:02:70:8d:0b f8:d1:11:5b:42:5a
1361559598.41333 1641 292 80:1f:02:70:8d:0b f8:d1:11:5b:42:5a
1361559598.43286 1644 1552 66:d4:70:dc:40:0e df:12:a6:c8:72:b6
1361559598.44280 1645 292 80:1f:02:70:8d:0b f8:d1:11:5b:42:5a
1361559598.44720 1646 292 80:1f:02:70:8d:0b f8:d1:11:5b:42:5a
1361559598.47215 1650 366 4a:d7:82:bd:e2:c1 b3:61:61:98:ca:f7
1361559598.56473 1655 192 80:1f:02:70:8d:0b f8:d1:11:5b:42:5a
1361559598.56884 1656 192 80:1f:02:70:8d:0b f8:d1:11:5b:42:5a
1361559598.61114 1660 192 80:1f:02:70:8d:0b f8:d1:11:5b:42:5a
1361559598.61903 1664 292 80:1f:02:70:8d:0b f8:d1:11:5b:42:5a
1361559598.62207 1665 292 80:1f:02:70:8d:0b f8:d1:11:5b:42:5a
1361559598.62503 1666 292 80:1f:02:70:8d:0b f8:d1:11:5b:42:5a
1361559598.62811 1667 292 80:1f:02:70:8d:0b f8:d1:11:5b:42:5a
1361559598.63590 1669 303 80:1f:02:70:8d:0b f8:d1:11:5b:42:5a
1361559598.65189 1673 292 80:1f:02:70:8d:0b f8:d1:11:5b:42:5a
1361559598.66373 1675 303 80:1f:02:70:8d:0b f8:d1:11:5b:42:5a
1361559598.71439 1682 281 80:1f:02:70:8d:0b f8:d1:11:5b:42:5a
1361559598.71749 1684 292 80:1f:02:70:8d:0b f8:d1:11:5b:42:5a
1361559598.71948 1685 303 80:1f:02:70:8d:0b f8:d1:11:5b:42:5a
1361559598.72068 1686 222 80:1f:02:70:8d:0b f8:d1:11:5b:42:5a
1361559598.83532 1695 192 80:1f:02:70:8d:0b f8:d1:11:5b:42:5a
1361559598.84729 1697 202 80:1f:02:70:8d:0b f8:d1:11:5b:42:5a
1361559598.86596 1700 212 80:1f:02:70:8d:0b f8:d1:11:5b:42:5a
1361559598.87227 1701 212 80:1f:02:70:8d:0b f8:d1:11:5b:42:5a
1361559598.93279 1710 303 80:1f:02:70:8d:0b f8:d1:11:5b:42:5a
1361559598.93586 1711 303 80:1f:02:70:8d:0b f8:d1:11:5b:42:5a
1361559598.93914 1712 303 80:1f:02:70:8d:0b f8:d1:11:5b:42:5a
1361559598.97023 1718 303 80:1f:02:70:8d:0b f8:d1:11:5b:42:5a
1361559598.97331 1719 303 80:1f:02:70:8d:0b f8:d1:11:5b:42:5a
1361559598.98768 1721 222 80:1f:02:70:8d:0b f8:d1:11:5b:42:5a
1361559598.99602 1722 222 80:1f:02:70:8d:0b f8:d1:11:5b:42:5a
1361559598.99838 1724 232 80:1f:02:70:8d:0b f8:d1:11:5b:42:5a
1361559598.111918 1726 192 80:1f:02:70:8d:0b f8:d1:11:5b:42:5a
1361559598.113143 1728 202 80:1f:02:70:8d:0b f8:d1:11:5b:42:5a
1361559598.114399 1730 212 80:1f:02:70:8d:0b f8:d1:11:5b:42:5a
1361559598.116969 1734 292 80:1f:02:70:8d:0b f8:d1:11:5b:42:5a
1361559598.118320 1736 303 80:1f:02:70:8d:0b f8:d1:11:5b:42:5a
1361559598.118994 1737 303 80:1f:02:70:8d:0b f8:d1:11:5b:42:5a
1361559598.119469 1738 303 80:1f:02:70:8d:0b f8:d1:11:5b:42:5a
1361559598.120646 1739 303 80:1f:02:70:8d:0b f8:d1:11:5b:42:5a
1361559598.121789 1744 281 80:1f:02:70:8d:0b f8:d1:11:5b:42:5a
1361559598.121963 1745 292 80:1f:02:70:8d:0b f8:d1:11:5b:42:5a
1361559598.122140 1746 303 80:1f:02:70:8d:0b f8:d1:11:5b:42:5a
1361559598.124193 1752 292 80:1f:02:70:8d:0b f8:d1:11:5b:42:5a
1361559598.124763 1753 292 80:1f:02:70:8d:0b f8:d1:11:5b:42:5a
1361559598.125996 1754 292 80:1f:02:70:8d:0b f8:d1:11:5b:42:5a
1361559598.128245 1757 366 4a:d7:82:bd:e2:c1 b3:61:61:98:ca:f7
1361559598.136264 1763 14 00:00:0e:00:00:00 27:51:82:23:02:00
1361559598.141087 1766 202 80:1f:02:70:8d:0b f8:d1:11:5b:42:5a
1361559598.142341 1769 212 80:1f:02:70:8d:0b f8:d1:11:5b:42:5a
1361559598.144575 1774 292 80:1f:02:70:8d:0b f8:d1:11:5b:42:5a
1361559598.145932 1777 303 80:1f:02:70:8d:0b f8:d1:11:5b:42:5a
1361559598.150719 1786 281 80:1f:02:70:8d:0b f8:d1:11:5b:42:5a
1361559598.151381 1788 420 60:61:83:bd:e2:c1 d7:b8:79:31:28:aa
1361559598.152155 1790 292 80:1f:02:70:8d:0b f8:d1:11:5b:42:5a
1361559598.153202 1792 303 80:1f:02:70:8d:0b f8:d1:11:5b:42:5a
1361559598.154295 1794 222 80:1f:02:70:8d:0b f8:d1:11:5b:42:5a
1361559598.155452 1796 232 80:1f:02:70:8d:0b f8:d1:11:5b:42:5a
1361559598.166936 1802 192 80:1f:02:70:8d:0b f8:d1:11:5b:42:5a
1361559598.168092 1804 202 80:1f:02:70:8d:0b f8:d1:11:5b:42:5a
1361559598.169693 1806 212 80:1f:02:70:8d:0b f8:d1:11:5b:42:5a
1361559598.175307 1818 420 50:de:82:bd:e2:c1 90:ba:79:31:28:aa
1361559598.176481 1823 292 80:1f:02:70:8d:0b f8:d1:11:5b:42:5a
1361559598.176805 1825 303 80:1f:02:70:8d:0b f8:d1:11:5b:42:5a
1361559598.178842 1830 292 80:1f:02:70:8d:0b f8:d1:11:5b:42:5a
1361559598.179325 1831 292 80:1f:02:70:8d:0b f8:d1:11:5b:42:5a
1361559598.180038 1833 303 80:1f:02:70:8d:0b f8:d1:11:5b:42:5a
1361559598.189699 1840 14 27:51:c7:ee:02:00 a8:02:49:ca:43:58
1361559598.194094 1848 192 80:1f:02:70:8d:0b f8:d1:11:5b:42:5a
1361559598.194339 1849 192 80:1f:02:70:8d:0b f8:d1:11:5b:42:5a
1361559598.194586 1850 192 80:1f:02:70:8d:0b f8:d1:11:5b:42:5a
1361559598.195363 1852 202 80:1f:02:70:8d:0b f8:d1:11:5b:42:5a
1361559598.199621 1858 292 80:1f:02:70:8d:0b f8:d1:11:5b:42:5a
1361559598.199941 1859 292 80:1f:02:70:8d:0b f8:d1:11:5b:42:5a
1361559598.201012 1863 303 80:1f:02:70:8d:0b f8:d1:11:5b:42:5a
1361559598.201323 1865 303 80:1f:02:70:8d:0b f8:d1:11:5b:42:5a
1361559598.202879 1869 292 80:1f:02:70:8d:0b f8:d1:11:5b:42:5a
1361559598.203788 1871 303 80:1f:02:70:8d:0b f8:d1:11:5b:42:5a
1361559598.204329 1872 303 80:1f:02:70:8d:0b f8:d1:11:5b:42:5a
1361559598.204966 1873 303 80:1f:02:70:8d:0b f8:d1:11:5b:42:5a
1361559598.209872 1877 1304 8e:52:17:a2:24:d7 8a:6c:94:30:9d:de
1361559598.215231 1883 281 80:1f:02:70:8d:0b f8:d1:11:5b:42:5a
1361559598.215418 1884 292 80:1f:02:70:8d:0b f8:d1:11:5b:42:5a
1361559598.215631 1885 303 80:1f:02:70:8d:0b f8:d1:11:5b:42:5a
1361559598.215756 1886 222 80:1f:02:70:8d:0b f8:d1:11:5b:42:5a
1361559598.215908 1887 232 80:1f:02:70:8d:0b f8:d1:11:5b:42:5a
1361559598.216228 1889 292 80:1f:02:70:8d:0b f8:d1:11:5b:42:5a
1361559598.217814 1891 908 36:b4:f4:03:99:b7 a3:2a:bb:91:a4:ca
1361559598.222114 1892 192 80:1f:02:70:8d:0b f8:d1:11:5b:42:5a
1361559598.223214 1894 202 80:1f:02:70:8d:0b f8:d1:11:5b:42:5a
1361559598.224597 1896 212 80:1f:02:70:8d:0b f8:d1:11:5b:42:5a
1361559598.230243 1901 14 43:ea:36:36:7f:c4 8d:52:0e:11:88:cc
1361559598.232561 1907 292 80:1f:02:70:8d:0b f8:d1:11:5b:42:5a
1361559598.232731 1908 281 80:1f:02:70:8d:0b f8:d1:11:5b:42:5a
1361559598.232922 1909 292 80:1f:02:70:8d:0b f8:d1:11:5b:42:5a
1361559598.233092 1910 303 80:1f:02:70:8d:0b f8:d1:11:5b:42:5a
1361559598.233416 1912 303 80:1f:02:70:8d:0b f8:d1:11:5b:42:5a
1361559598.233591 1913 292 80:1f:02:70:8d:0b f8:d1:11:5b:42:5a
1361559598.235141 1917 303 80:1f:02:70:8d:0b f8:d1:11:5b:42:5a
1361559598.235673 1918 303 80:1f:02:70:8d:0b f8:d1:11:5b:42:5a
1361559598.236517 1919 303 80:1f:02:70:8d:0b f8:d1:11:5b:42:5a
1361559598.237596 1921 303 80:1f:02:70:8d:0b f8:d1:11:5b:42:5a
1361559598.237715 1922 14 6c:ce:22:9e:8d:0b 68:7a:71:58:ba:d8
1361559598.245123 1932 14 bf:0b:df:e0:3a:4a c6:13:70:61:19:18
1361559598.245349 1933 1258 c7:72:cf:16:d8:96 ce:2d:66:29:2d:36
1361559598.246988 1936 14 00:00:0e:00:00:00 27:51:1f:c9:03:00
1361559598.249904 1938 192 80:1f:02:70:8d:0b f8:d1:11:5b:42:5a
1361559598.251088 1940 202 80:1f:02:70:8d:0b f8:d1:11:5b:42:5a
1361559598.255068 1946 292 80:1f:02:70:8d:0b f8:d1:11:5b:42:5a
1361559598.256197 1948 303 80:1f:02:70:8d:0b f8:d1:11:5b:42:5a
1361559598.258503 1952 1552 54:7b:6b:7a:85:3e 81:35:07:8b:e4:12
1361559598.258988 1953 292 80:1f:02:70:8d:0b f8:d1:11:5b:42:5a
1361559598.268169 1957 292 80:1f:02:70:8d:0b f8:d1:11:5b:42:5a
1361559598.269043 1961 303 80:1f:02:70:8d:0b f8:d1:11:5b:42:5a
1361559598.269233 1962 281 80:1f:02:70:8d:0b f8:d1:11:5b:42:5a
1361559598.269426 1963 292 80:1f:02:70:8d:0b f8:d1:11:5b:42:5a
1361559598.269590 1964 303 80:1f:02:70:8d:0b f8:d1:11:5b:42:5a
1361559598.269726 1965 222 80:1f:02:70:8d:0b f8:d1:11:5b:42:5a
1361559598.269856 1966 232 80:1f:02:70:8d:0b f8:d1:11:5b:42:5a
1361559598.271423 1970 303 80:1f:02:70:8d:0b f8:d1:11:5b:42:5a
1361559598.271730 1971 303 80:1f:02:70:8d:0b f8:d1:11:5b:42:5a
1361559598.276185 1975 14 09:88:d7:3b:2e:c0 6c:4b:2b:5e:09:66
1361559598.279884 1978 303 80:1f:02:70:8d:0b f8:d1:11:5b:42:5a
1361559598.281195 1981 192 80:1f:02:70:8d:0b f8:d1:11:5b:42:5a
1361559598.281205 1982 212 80:1f:02:70:8d:0b f8:d1:11:5b:42:5a
1361559598.281424 1984 192 80:1f:02:70:8d:0b f8:d1:11:5b:42:5a
1361559598.282779 1989 14 6c:ce:22:9e:12:00 b4:00:52:02:f8:d1
1361559598.283213 1990 292 80:1f:02:70:8d:0b f8:d1:11:5b:42:5a
1361559598.284393 1992 303 80:1f:02:70:8d:0b f8:d1:11:5b:42:5a
1361559598.288593 1999 292 80:1f:02:70:8d:0b f8:d1:11:5b:42:5a
1361559598.288758 2000 303 80:1f:02:70:8d:0b f8:d1:11:5b:42:5a
1361559598.289087 2001 292 80:1f:02:70:8d:0b f8:d1:11:5b:42:5a
1361559598.289251 2002 303 80:1f:02:70:8d:0b f8:d1:11:5b:42:5a
1361559598.290343 2006 292 80:1f:02:70:8d:0b f8:d1:11:5b:42:5a
1361559598.291285 2010 1552 d9:7d:b5:36:10:e0 58:6a:ec:ff:7e:ba
1361559598.291580 2011 303 80:1f:02:70:8d:0b f8:d1:11:5b:42:5a
1361559598.292697 2015 222 80:1f:02:70:8d:0b f8:d1:11:5b:42:5a
1361559598.296852 2018 232 80:1f:02:70:8d:0b f8:d1:11:5b:42:5a
1361559598.305410 2025 192 80:1f:02:70:8d:0b f8:d1:11:5b:42:5a
1361559598.305803 2026 192 80:1f:02:70:8d:0b f8:d1:11:5b:42:5a
1361559598.306680 2027 192 80:1f:02:70:8d:0b f8:d1:11:5b:42:5a
1361559598.310982 2031 202 80:1f:02:70:8d:0b f8:d1:11:5b:42:5a
1361559598.311158 2032 212 80:1f:02:70:8d:0b f8:d1:11:5b:42:5a
1361559598.311320 2033 314 80:1f:02:70:8d:0b f8:d1:11:5b:42:5a
1361559598.311494 2034 325 80:1f:02:70:8d:0b f8:d1:11:5b:42:5a
1361559598.312460 2036 336 80:1f:02:70:8d:0b f8:d1:11:5b:42:5a
1361559598.312785 2037 336 80:1f:02:70:8d:0b f8:d1:11:5b:42:5a
1361559598.323256 2040 336 80:1f:02:70:8d:0b f8:d1:11:5b:42:5a
1361559598.324055 2044 314 80:1f:02:70:8d:0b f8:d1:11:5b:42:5a
1361559598.324258 2045 325 80:1f:02:70:8d:0b f8:d1:91:62:50:5a
1361559598.324478 2046 336 80:1f:02:70:8d:0b f8:d1:11:5b:42:5a
1361559598.324694 2047 314 80:1f:02:70:8d:0b f8:d1:11:5b:42:5a
1361559598.324852 2048 325 80:1f:02:70:8d:0b f8:d1:11:5b:42:5a
1361559598.325191 2050 314 80:1f:02:70:8d:0b f8:d1:11:5b:42:5a
1361559598.325372 2051 325 80:1f:02:70:8d:0b f8:d1:11:5b:42:5a
1361559598.328230 2055 260 14:10:9f:cf:e3:b1 33:33:00:00:00:fb
1361559598.330679 2056 188 00:26:b0:f9:10:8d 33:33:00:00:00:fb
1361559598.334180 2057 192 80:1f:02:70:8d:0b f8:d1:11:5b:42:5a
1361559598.334588 2059 192 80:1f:02:70:8d:0b f8:d1:11:5b:42:5a
1361559598.334845 2061 202 80:1f:02:70:8d:0b f8:d1:11:5b:42:5a
1361559598.335776 2063 212 80:1f:02:70:8d:0b f8:d1:11:5b:42:5a
1361559598.337006 2065 314 80:1f:02:70:8d:0b f8:d1:11:5b:42:5a
1361559598.338205 2067 325 80:1f:02:70:8d:0b f8:d1:11:5b:42:5a
1361559598.338718 2068 325 80:1f:02:70:8d:0b f8:d1:11:5b:42:5a
1361559598.339352 2069 325 80:1f:02:70:8d:0b f8:d1:11:5b:42:5a
1361559598.340876 2072 325 80:1f:02:70:8d:0b f8:d1:11:5b:42:5a
1361559598.343225 2080 325 80:1f:02:70:8d:0b f8:d1:11:5b:42:5a
1361559598.343503 2082 336 80:1f:02:70:8d:0b f8:d1:11:5b:42:5a
1361559598.345299 2085 325 80:1f:02:70:8d:0b f8:d1:11:5b:42:5a
1361559598.345757 2087 325 80:1f:02:70:8d:0b f8:d1:11:5b:42:5a
1361559598.346495 2089 336 80:1f:02:70:8d:0b f8:d1:11:5b:42:5a
1361559598.347103 2090 336 80:1f:02:70:8d:0b f8:d1:11:5b:42:5a
1361559598.347420 2092 222 80:1f:02:70:8d:0b f8:d1:11:5b:42:5a
1361559598.348912 2094 232 80:1f:02:70:8d:0b f8:d1:11:5b:42:5a
1361559598.361109 2100 192 80:1f:02:70:8d:0b f8:d1:11:5b:42:5a
1361559598.363675 2104 202 80:1f:02:70:8d:0b f8:d1:11:5b:42:5a
1361559598.364714 2105 202 80:1f:02:70:8d:0b f8:d1:11:5b:42:5a
1361559598.368381 2108 314 80:1f:02:70:8d:0b f8:d1:11:5b:42:5a
1361559598.369692 2111 325 80:1f:02:70:8d:0b f8:d1:11:5b:42:5a
1361559598.371778 2116 86 e0:f8:47:32:a6:2a ff:ff:ff:ff:ff:ff
1361559598.372100 2118 100 e0:f8:47:32:a6:2a ff:ff:ff:ff:ff:ff
1361559598.372889 2119 24 e0:f8:47:32:a6:2a f8:d1:11:5b:42:5a
1361559598.373133 2122 86 e0:f8:47:32:a6:2a ff:ff:ff:ff:ff:ff
1361559598.373144 2123 86 e0:f8:47:32:a6:2a 01:00:5e:00:00:01
1361559598.373487 2126 100 e0:f8:47:32:a6:2a ff:ff:ff:ff:ff:ff
1361559598.373907 2127 100 e0:f8:47:32:a6:2a 01:00:5e:00:00:01
1361559598.374707 2131 336 80:1f:02:70:8d:0b f8:d1:11:5b:42:5a
1361559598.375102 2132 314 80:1f:02:70:8d:0b f8:d1:11:5b:42:5a
1361559598.375279 2133 336 80:1f:02:70:8d:0b f8:d1:11:5b:42:5a
1361559598.375478 2135 325 00:00:bb:22:00:20 e4:88:dd:b4:ac:80
1361559598.375670 2137 222 80:1f:02:70:8d:0b f8:d1:11:5b:42:5a
1361559598.376928 2140 232 80:1f:02:70:8d:0b f8:d1:11:5b:42:5a
1361559598.382741 2146 14 ef:87:02:ac:2e:c0 90:56:8b:6b:f4:0b
1361559598.384629 2148 1552 b1:3f:28:a6:25:7c ea:64:58:5a:3a:86
1361559598.388477 2150 192 80:1f:02:70:8d:0b f8:d1:11:5b:42:5a
1361559598.388870 2151 192 80:1f:02:70:8d:0b f8:d1:11:5b:42:5a
1361559598.391043 2154 192 80:1f:02:70:8d:0b f8:d1:11:5b:42:5a
1361559598.392125 2159 314 80:1f:02:70:8d:0b f8:d1:11:5b:42:5a
1361559598.393217 2161 325 80:1f:02:70:8d:0b f8:d1:11:5b:42:5a
1361559598.394334 2162 325 80:1f:02:70:8d:0b f8:d1:11:5b:42:5a
1361559598.398590 2167 336 80:1f:02:70:8d:0b f8:d1:11:5b:42:5a
1361559598.398818 2168 314 80:1f:02:70:8d:0b f8:d1:11:5b:42:5a
1361559598.399021 2169 325 80:1f:02:70:8d:0b f8:d1:11:5b:42:5a
1361559598.399209 2170 336 80:1f:02:70:8d:0b f8:d1:11:5b:42:5a
1361559598.400269 2174 336 80:1f:02:70:8d:0b f8:d1:11:5b:42:5a
1361559598.400438 2175 314 80:1f:02:70:8d:0b f8:d1:11:5b:42:5a
1361559598.400790 2176 336 80:1f:02:70:8d:0b f8:d1:11:5b:42:5a
1361559598.400965 2177 314 80:1f:02:70:8d:0b f8:d1:11:5b:42:5a
1361559598.404468 2181 618 b7:e5:2e:63:5f:02 c3:bd:d7:d1:d4:61
1361559598.407471 2183 336 80:1f:02:70:8d:0b f8:d1:11:5b:42:5a
1361559598.408377 2187 315 a0:9e:43:4c:fa:42 24:0a:8e:66:48:24
1361559598.409525 2188 315 5a:43:4a:59:89:72 33:d9:61:48:84:6b
1361559598.410064 2189 315 5a:43:4a:59:89:da b7:a0:16:3b:b4:0a
1361559598.410317 2191 314 80:1f:02:70:8d:0b f8:d1:11:5b:42:5a
1361559598.410444 2192 325 80:1f:02:70:8d:0b f8:d1:11:5b:42:5a
1361559598.410779 2193 314 80:1f:02:70:8d:0b f8:d1:11:5b:42:5a
1361559598.410968 2194 325 80:1f:02:70:8d:0b f8:d1:11:5b:42:5a
1361559598.412031 2197 314 80:1f:02:70:8d:0b f8:d1:11:5b:42:5a
1361559598.415908 2202 192 80:1f:02:70:8d:0b f8:d1:11:5b:42:5a
1361559598.417220 2204 192 80:1f:02:70:8d:0b f8:d1:11:5b:42:5a
1361559598.418058 2205 192 80:1f:02:70:8d:0b f8:d1:11:5b:42:5a
1361559598.418567 2206 192 80:1f:02:70:8d:0b f8:d1:11:5b:42:5a
1361559598.421481 2209 192 80:1f:02:70:8d:0b f8:d1:11:5b:42:5a
1361559598.421653 2211 202 80:1f:02:70:8d:0b f8:d1:11:5b:42:5a
1361559598.421772 2212 212 80:1f:02:70:8d:0b f8:d1:11:5b:42:5a
1361559598.421938 2213 314 80:1f:02:70:8d:0b f8:d1:11:5b:42:5a
1361559598.422114 2214 325 80:1f:02:70:8d:0b f8:d1:11:5b:42:5a
1361559598.422441 2216 325 80:1f:02:70:8d:0b f8:d1:11:5b:42:5a
1361559598.422748 2218 336 80:1f:02:70:8d:0b f8:d1:11:5b:42:5a
1361559598.423481 2220 314 80:1f:02:70:8d:0b f8:d1:11:5b:42:5a
1361559598.423982 2221 314 80:1f:02:70:8d:0b f8:d1:11:5b:42:5a
1361559598.424605 2223 325 80:1f:02:70:8d:0b f8:d1:11:5b:42:5a
1361559598.425793 2225 336 80:1f:02:70:8d:0b f8:d1:11:5b:42:5a
1361559598.426967 2227 314 80:1f:02:70:8d:0b f8:d1:11:5b:42:5a
1361559598.428501 2229 325 80:1f:02:70:8d:0b f8:d1:11:5b:42:5a
1361559598.429507 2232 336 80:1f:02:70:8d:0b f8:d1:11:5b:42:5a
1361559598.430521 2235 222 80:1f:02:70:8d:0b f8:d1:11:5b:42:5a
1361559598.431965 2237 232 80:1f:02:70:8d:0b f8:d1:11:5b:42:5a
1361559598.433746 2242 1552 90:bf:ab:c6:f7:6c e7:e3:39:a7:93:c6
1361559598.435302 2243 14 01:b3:01:b3:2e:c0 27:51:dc:c6:06:00
1361559598.444124 2244 192 80:1f:02:70:8d:0b f8:d1:11:5b:42:5a
1361559598.445377 2246 202 80:1f:02:70:8d:0b f8:d1:11:5b:42:5a
1361559598.446481 2247 202 80:1f:02:70:8d:0b f8:d1:11:5b:42:5a
1361559598.448010 2248 202 80:1f:02:70:8d:0b f8:d1:11:5b:42:5a
1361559598.449354 2253 212 80:1f:02:70:8d:0b f8:d1:11:5b:42:5a
1361559598.449552 2254 314 80:1f:02:70:8d:0b f8:d1:11:5b:42:5a
1361559598.449693 2255 325 80:1f:02:70:8d:0b f8:d1:11:5b:42:5a
1361559598.450009 2257 314 80:1f:02:70:8d:0b f8:d1:11:5b:42:5a
1361559598.450317 2259 336 80:1f:02:70:8d:0b f8:d1:11:5b:42:5a
1361559598.451315 2261 314 80:1f:02:70:8d:0b f8:d1:11:5b:42:5a
1361559598.451855 2263 314 80:1f:02:70:8d:0b f8:d1:11:5b:42:5a
1361559598.452122 2264 14 00:00:3a:01:00:00 27:51:c3:e7:06:00
1361559598.452547 2265 314 80:1f:02:70:8d:0b f8:d1:11:5b:42:5a
1361559598.453335 2266 314 80:1f:02:70:8d:0b f8:d1:11:5b:42:5a
1361559598.461054 2273 314 80:1f:02:70:8d:0b f8:d1:11:5b:42:5a
1361559598.461901 2277 325 80:1f:02:70:8d:0b f8:d1:11:5b:42:5a
1361559598.462106 2278 336 80:1f:02:70:8d:0b f8:d1:11:5b:42:5a
1361559598.462309 2279 314 80:1f:02:70:8d:0b f8:d1:11:5b:42:5a
1361559598.462542 2280 325 80:1f:02:70:8d:0b f8:d1:11:5b:42:5a
1361559598.462730 2281 336 80:1f:02:70:8d:0b f8:d1:11:5b:42:5a
1361559598.462862 2282 222 80:1f:02:70:8d:0b f8:d1:11:5b:42:5a
1361559598.463165 2284 325 80:1f:02:70:8d:0b f8:d1:11:5b:42:5a
1361559598.463409 2286 232 80:1f:02:70:8d:0b f8:d1:11:5b:42:5a
1361559598.471601 2290 192 80:1f:02:70:8d:0b f8:d1:11:5b:42:5a
1361559598.471998 2291 192 80:1f:02:70:8d:0b f8:d1:11:5b:42:5a
1361559598.472844 2292 192 80:1f:02:70:8d:0b f8:d1:11:5b:42:5a
1361559598.473734 2293 192 80:1f:02:70:8d:0b f8:d1:11:5b:42:5a
1361559598.475423 2296 192 80:1f:02:70:8d:0b f8:d1:11:5b:42:5a
1361559598.476010 2298 354 86:25:86:02:89:c5 d7:22:7a:91:b9:5f
1361559598.476316 2300 325 80:1f:02:70:8d:0b f8:d1:11:5b:42:5a
1361559598.477287 2302 336 80:1f:02:70:8d:0b f8:d1:11:5b:42:5a
1361559598.477855 2304 336 80:1f:02:70:8d:0b f8:d1:11:5b:42:5a
1361559598.478145 2306 314 80:1f:02:70:8d:0b f8:d1:11:5b:42:5a
1361559598.479440 2308 325 80:1f:02:70:8d:0b f8:d1:11:5b:42:5a
1361559598.480589 2311 336 80:1f:02:70:8d:0b f8:d1:11:5b:42:5a
1361559598.481726 2313 314 80:1f:02:70:8d:0b f8:d1:11:5b:42:5a
1361559598.482905 2316 325 80:1f:02:70:8d:0b f8:d1:11:5b:42:5a
1361559598.484006 2318 336 80:1f:02:70:8d:0b f8:d1:11:5b:42:5a
1361559598.485015 2321 222 80:1f:02:70:8d:0b f8:d1:11:5b:42:5a
1361559598.486181 2323 232 80:1f:02:70:8d:0b f8:d1:11:5b:42:5a
1361559598.499554 2332 192 80:1f:02:70:8d:0b f8:d1:11:5b:42:5a
1361559598.499664 2333 202 80:1f:02:70:8d:0b f8:d1:11:5b:42:5a
1361559598.500629 2335 212 80:1f:02:70:8d:0b f8:d1:11:5b:42:5a
1361559598.502179 2337 314 80:1f:02:70:8d:0b f8:d1:11:5b:42:5a
1361559598.503218 2338 314 80:1f:02:70:8d:0b f8:d1:11:5b:42:5a
1361559598.503624 2339 314 80:1f:02:70:8d:0b f8:d1:11:5b:42:5a
1361559598.506792 2341 314 80:1f:02:70:8d:0b f8:d1:11:5b:42:5a
1361559598.507999 2343 14 8d:0d:6c:0f:2e:c0 f8:30:c3:ef:86:97
1361559598.509607 2348 325 80:1f:02:70:8d:0b f8:d1:11:5b:42:5a
1361559598.509811 2349 336 80:1f:02:70:8d:0b f8:d1:11:5b:42:5a
1361559598.510010 2350 314 80:1f:02:70:8d:0b f8:d1:11:5b:42:5a
1361559598.510216 2351 325 80:1f:02:70:8d:0b f8:d1:11:5b:42:5a
1361559598.510401 2352 336 80:1f:02:70:8d:0b f8:d1:11:5b:42:5a
1361559598.510760 2354 325 80:1f:02:70:8d:0b f8:d1:11:5b:42:5a
1361559598.511053 2356 314 80:1f:02:70:8d:0b f8:d1:11:5b:42:5a
1361559598.511242 2357 325 80:1f:02:70:8d:0b f8:d1:11:5b:42:5a
1361559598.512739 2360 314 80:1f:02:70:8d:0b f8:d1:11:5b:42:5a
1361559598.512926 2361 325 80:1f:02:70:8d:0b f8:d1:11:5b:42:5a
1361559598.513278 2363 314 80:1f:02:70:8d:0b f8:d1:11:5b:42:5a
1361559598.514810 2368 336 80:1f:02:70:8d:0b f8:d1:11:5b:42:5a
1361559598.525265 2371 192 80:1f:02:70:8d:0b f8:d1:11:5b:42:5a
1361559598.526416 2373 202 80:1f:02:70:8d:0b f8:d1:11:5b:42:5a
1361559598.527018 2375 202 80:1f:02:70:8d:0b f8:d1:11:5b:42:5a
1361559598.527689 2377 212 80:1f:02:70:8d:0b f8:d1:11:5b:42:5a
1361559598.529139 2379 314 80:1f:02:70:8d:0b f8:d1:11:5b:42:5a
1361559598.529561 2381 1552 75:d1:1b:39:36:35 33:10:71:ac:df:50
1361559598.530603 2382 314 80:1f:02:70:8d:0b f8:d1:11:5b:42:5a
1361559598.535647 2385 28 29:1a:fa:00:ff:ff 81:f5:5a:bb:c5:9b
1361559598.541478 2389 314 80:1f:02:70:8d:0b f8:d1:11:5b:42:5a
1361559598.546529 2397 1552 3b:64:44:73:5c:43 6b:b4:36:09:70:14
1361559598.552681 2401 325 80:1f:02:70:8d:0b f8:d1:11:5b:42:5a
1361559598.552893 2402 336 80:1f:02:70:8d:0b f8:d1:11:5b:42:5a
1361559598.553119 2403 314 80:1f:02:70:8d:0b f8:d1:11:5b:42:5a
1361559598.553298 2404 325 80:1f:02:70:8d:0b f8:d1:11:5b:42:5a
1361559598.553493 2405 336 80:1f:02:70:8d:0b f8:d1:11:5b:42:5a
1361559598.555005 2409 314 80:1f:02:70:8d:0b f8:d1:11:5b:42:5a
1361559598.555169 2410 325 80:1f:02:70:8d:0b f8:d1:11:5b:42:5a
1361559598.555377 2411 336 80:1f:02:70:8d:0b f8:d1:11:5b:42:5a
1361559598.555494 2412 192 80:1f:02:70:8d:0b f8:d1:11:5b:42:5a
1361559598.555988 2414 314 80:1f:02:70:8d:0b f8:d1:11:5b:42:5a
1361559598.557342 2420 202 80:1f:02:70:8d:0b f8:d1:11:5b:42:5a
1361559598.557638 2422 314 80:1f:02:70:8d:0b f8:d1:11:5b:42:5a
1361559598.559941 2425 336 80:1f:02:70:8d:0b f8:d1:11:5b:42:5a
1361559598.560500 2426 336 80:1f:02:70:8d:0b f8:d1:11:5b:42:5a
1361559598.561044 2427 336 80:1f:02:70:8d:0b f8:d1:11:5b:42:5a
1361559598.561554 2428 336 80:1f:02:70:8d:0b f8:d1:11:5b:42:5a
1361559598.562858 2431 336 80:1f:02:70:8d:0b f8:d1:11:5b:42:5a
1361559598.563190 2433 314 80:1f:02:70:8d:0b f8:d1:11:5b:42:5a
1361559598.563393 2434 325 80:1f:02:70:8d:0b f8:d1:11:5b:42:5a
1361559598.563598 2435 336 80:1f:02:70:8d:0b f8:d1:11:5b:42:5a
1361559598.563908 2437 314 80:1f:02:70:8d:0b f8:d1:11:5b:42:5a
1361559598.564199 2439 314 80:1f:02:70:8d:0b f8:d1:11:5b:42:5a
1361559598.565536 2441 325 80:1f:02:70:8d:0b f8:d1:11:5b:42:5a
1361559598.576978 2450 24 e0:f8:47:32:a6:2a f8:d1:11:5b:42:5a
1361559598.580252 2452 1552 e8:f7:b4:ed:15:13 85:50:ff:44:f5:90
1361559598.581070 2453 192 80:1f:02:70:8d:0b f8:d1:11:5b:42:5a
1361559598.582272 2455 14 2d:dc:ed:66:2e:c0 27:51:fc:e3:08:00
1361559598.582652 2456 202 80:1f:02:70:8d:0b f8:d1:11:5b:42:5a
1361559598.583095 2457 202 80:1f:02:70:8d:0b f8:d1:11:5b:42:5a
1361559598.584143 2459 202 80:1f:02:70:8d:0b f8:d1:11:5b:42:5a
1361559598.584393 2461 212 80:1f:02:70:8d:0b f8:d1:11:5b:42:5a
1361559598.584676 2463 314 80:1f:02:70:8d:0b f8:d1:11:5b:42:5a
1361559598.585977 2466 325 80:1f:02:70:8d:0b f8:d1:11:5b:42:5a
1361559598.587171 2468 336 80:1f:02:70:8d:0b f8:d1:11:5b:42:5a
1361559598.587715 2469 336 80:1f:02:70:8d:0b f8:d1:11:5b:42:5a
1361559598.588472 2470 336 80:1f:02:70:8d:0b f8:d1:11:5b:42:5a
1361559598.589862 2471 336 80:1f:02:70:8d:0b f8:d1:11:5b:42:5a
1361559598.594320 2474 14 03:c2:44:e1:2e:c0 0f:c4:1c:0a:0c:10
1361559598.616712 2490 98 04:26:b0:51:06:8d 19:4f:9b:ef:ff:ff
1361559598.617600 2491 98 00:26:b0:f9:10:8d 01:00:5e:00:00:01
1361559598.618388 2492 130 e4:ce:8f:30:69:74 ff:ff:ff:ff:ff:ff
1361559598.623572 2498 14 00:00:14:00:00:00 27:51:fc:84:09:00
1361559598.624388 2501 336 80:1f:02:70:8d:0b f8:d1:11:5b:42:5a
1361559598.624892 2503 315 c2:d0:a8:11:45:c9 9b:66:50:53:1c:b8
1361559598.625435 2504 315 5a:c3:3c:a4:a7:94 e7:96:a4:e8:3e:f3
1361559598.625962 2505 315 5a:43:4a:59:89:72 e3:96:a4:e8:56:a3
1361559598.628280 2510 314 80:1f:02:70:8d:0b f8:d1:11:5b:42:5a
1361559598.630028 2514 325 80:1f:02:70:8d:0b f8:d1:11:5b:42:5a
1361559598.632641 2522 336 80:1f:02:70:8d:0b f8:d1:11:5b:42:5a
1361559598.632729 2523 314 80:1f:02:70:8d:0b f8:d1:11:5b:42:5a
1361559598.633034 2525 314 80:1f:02:70:8d:0b f8:d1:11:5b:42:5a
1361559598.633364 2527 336 80:1f:02:70:8d:0b f8:d1:11:5b:42:5a
1361559598.633569 2528 314 80:1f:02:70:8d:0b f8:d1:11:5b:42:5a
1361559598.633777 2529 325 80:1f:02:70:8d:0b f8:d1:11:5b:42:5a
1361559598.633979 2530 336 80:1f:02:70:8d:0b f8:d1:11:5b:42:5a
1361559598.634125 2531 222 80:1f:02:70:8d:0b f8:d1:11:5b:42:5a
1361559598.634241 2532 232 80:1f:02:70:8d:0b f8:d1:11:5b:42:5a
1361559598.637288 2535 192 80:1f:02:70:8d:0b f8:d1:11:5b:42:5a
1361559598.639024 2539 202 80:1f:02:70:8d:0b f8:d1:11:5b:42:5a
1361559598.640106 2541 212 80:1f:02:70:8d:0b f8:d1:11:5b:42:5a
1361559598.640476 2542 212 80:1f:02:70:8d:0b f8:d1:11:5b:42:5a
1361559598.641054 2543 212 80:1f:02:70:8d:0b f8:d1:11:5b:42:5a
1361559598.641853 2545 212 80:1f:02:70:8d:0b f8:d1:11:5b:42:5a
1361559598.643172 2548 212 80:1f:02:70:8d:0b f8:d1:11:5b:42:5a
1361559598.644669 2552 314 80:1f:02:70:8d:0b f8:d1:11:5b:42:5a
1361559598.645380 2554 314 80:1f:02:70:8d:0b f8:d1:11:5b:42:5a
1361559598.646243 2555 314 80:1f:02:70:8d:0b f8:d1:11:5b:42:5a
1361559598.646598 2557 325 80:1f:02:70:8d:0b f8:d1:11:5b:42:5a
1361559598.646872 2559 336 80:1f:02:70:8d:0b f8:d1:11:5b:42:5a
1361559598.647220 2560 336 80:1f:02:70:8d:0b f8:d1:11:5b:42:5a
1361559598.647532 2561 336 80:1f:02:70:8d:0b f8:d1:11:5b:42:5a
1361559598.647863 2562 336 80:1f:02:70:8d:0b f8:d1:11:5b:42:5a
1361559598.648395 2563 336 80:1f:02:70:8d:0b f8:d1:11:5b:42:5a
1361559598.648708 2565 314 80:1f:02:70:8d:0b f8:d1:11:5b:42:5a
1361559598.649309 2567 1552 7c:84:6c:11:76:02 2a:d1:ef:ad:db:1e
1361559598.650024 2568 325 80:1f:02:70:8d:0b f8:d1:11:5b:42:5a
1361559598.650603 2569 325 80:1f:02:70:8d:0b f8:d1:11:5b:42:5a
1361559598.653738 2572 14 93:54:93:71:59:c0 7b:e4:4d:25:6e:78
1361559598.665326 2583 192 80:1f:02:70:8d:0b f8:d1:11:5b:42:5a
1361559598.666549 2585 202 80:1f:02:70:8d:0b f8:d1:11:5b:42:5a
1361559598.667805 2587 212 80:1f:02:70:8d:0b f8:d1:11:5b:42:5a
1361559598.668275 2588 212 80:1f:02:70:8d:0b f8:d1:11:5b:42:5a
1361559598.670221 2590 380 08:40:74:8a:a4:1d b7:e3:29:72:34:c5
1361559598.671032 2591 892 e4:b7:d8:92:1a:f3 81:2b:db:ca:66:89
1361559598.700511 2608 336 80:1f:02:70:8d:0b f8:d1:11:5b:42:5a
1361559598.701172 2610 314 80:1f:02:70:8d:0b f8:d1:11:5b:42:5a
1361559598.705055 2613 325 80:1f:02:70:8d:0b f8:d1:11:5b:42:5a
1361559598.705246 2614 336 80:1f:02:70:8d:0b f8:d1:11:5b:42:5a
1361559598.705381 2615 314 80:1f:02:70:8d:0b f8:d1:11:5b:42:5a
1361559598.706056 2617 325 80:1f:02:70:8d:0b f8:d1:11:5b:42:5a
1361559598.723122 2625 202 80:1f:02:70:8d:0b f8:d1:11:5b:42:5a
1361559598.725444 2627 202 80:1f:02:70:8d:0b f8:d1:11:5b:42:5a
1361559598.750480 2637 192 80:1f:02:70:8d:0b f8:d1:11:5b:42:5a
1361559598.751025 2638 192 80:1f:02:70:8d:0b f8:d1:11:5b:42:5a
1361559598.751887 2639 192 80:1f:02:70:8d:0b f8:d1:11:5b:42:5a
1361559598.758172 2642 192 80:1f:02:70:8d:0b f8:d1:11:5b:42:5a
1361559598.759893 2646 314 80:1f:02:70:8d:0b f8:d1:11:5b:42:5a
1361559598.761313 2648 325 80:1f:02:70:8d:0b f8:d1:11:5b:42:5a
1361559598.761527 2649 336 80:1f:02:70:8d:0b f8:d1:11:5b:42:5a
1361559598.761709 2650 314 80:1f:02:70:8d:0b f8:d1:11:5b:42:5a
1361559598.762010 2652 314 80:1f:02:70:8d:0b f8:d1:11:5b:42:5a
1361559598.762332 2653 314 80:1f:02:70:8d:0b f8:d1:11:5b:42:5a
1361559598.764038 2654 325 80:1f:02:70:8d:0b f8:d1:11:5b:42:5a
1361559598.764220 2655 336 80:1f:02:70:8d:0b f8:d1:11:5b:42:5a
1361559598.765188 2657 325 80:1f:02:70:8d:0b f8:d1:11:5b:42:5a
1361559598.765379 2658 336 80:1f:02:70:8d:0b f8:d1:11:5b:42:5a
1361559598.765734 2659 325 80:1f:02:70:8d:0b f8:d1:11:5b:42:5a
1361559598.765918 2660 336 80:1f:02:70:8d:0b f8:d1:11:5b:42:5a
1361559598.767554 2661 325 80:1f:02:70:8d:0b f8:d1:11:5b:42:5a
1361559598.767936 2662 336 80:1f:02:70:8d:0b f8:d1:11:5b:42:5a
1361559598.771669 2666 325 80:1f:02:70:8d:0b f8:d1:11:5b:42:5a
1361559598.776541 2675 222 80:1f:02:70:8d:0b f8:d1:11:5b:42:5a
1361559598.779656 2678 232 80:1f:02:70:8d:0b f8:d1:11:5b:42:5a
1361559598.780626 2682 297 1e:9e:82:bd:e2:c1 1b:a9:83:cc:06:4c
1361559598.780995 2684 314 80:1f:02:70:8d:0b f8:d1:11:5b:42:5a
1361559598.782430 2686 325 80:1f:02:70:8d:0b f8:d1:11:5b:42:5a
1361559598.783065 2688 325 80:1f:02:70:8d:0b f8:d1:11:5b:42:5a
1361559598.789869 2695 336 80:1f:02:70:8d:0b f8:d1:11:5b:42:5a
1361559598.790247 2696 314 80:1f:02:70:8d:0b f8:d1:11:5b:42:5a
1361559598.790441 2697 336 80:1f:02:70:8d:0b f8:d1:11:5b:42:5a
1361559598.790635 2698 314 80:1f:02:70:8d:0b f8:d1:11:5b:42:5a
1361559598.790954 2700 325 80:1f:02:70:8d:0b f8:d1:11:5b:42:5a
1361559598.791275 2702 325 80:1f:02:70:8d:0b f8:d1:11:5b:42:5a
1361559598.791434 2703 336 80:1f:02:70:8d:0b f8:d1:11:5b:42:5a
1361559598.792085 2705 222 80:1f:02:70:8d:0b f8:d1:11:5b:42:5a
1361559598.792758 2706 222 80:1f:02:70:8d:0b f8:d1:11:5b:42:5a
1361559598.793258 2707 222 80:1f:02:70:8d:0b f8:d1:11:5b:42:5a
1361559598.800208 2710 222 80:1f:02:70:8d:0b f8:d1:11:5b:42:5a
1361559598.800706 2712 232 80:1f:02:70:8d:0b f8:d1:11:5b:42:5a
1361559598.808171 2718 212 80:1f:02:70:8d:0b f8:d1:11:5b:42:5a
1361559598.809409 2720 314 80:1f:02:70:8d:0b f8:d1:11:5b:42:5a
1361559598.810763 2722 325 80:1f:02:70:8d:0b f8:d1:11:5b:42:5a
1361559598.814515 2725 325 80:1f:02:70:8d:0b f8:d1:11:5b:42:5a
1361559598.816071 2729 336 80:1f:02:70:8d:0b f8:d1:11:5b:42:5a
1361559598.818000 2736 309 c0:22:ba:8b:82:a6 a8:b6:48:1a:cf:87
1361559598.819235 2740 336 80:1f:02:70:8d:0b f8:d1:11:5b:42:5a
1361559598.822588 2746 1304 1d:7c:bd:d1:93:6a 3c:f7:78:b0:90:e6
1361559598.833426 2751 192 80:1f:02:70:8d:0b f8:d1:11:5b:42:5a
1361559598.835882 2759 212 80:1f:02:70:8d:0b f8:d1:11:5b:42:5a
1361559598.836267 2760 212 80:1f:02:70:8d:0b f8:d1:11:5b:42:5a
1361559598.836628 2761 212 80:1f:02:70:8d:0b f8:d1:11:5b:42:5a
1361559598.837010 2762 207 c0:22:ba:c4:e0:88 1b:1a:89:46:03:81
1361559598.839778 2768 336 80:1f:02:70:8d:0b f8:d1:11:5b:42:5a
1361559598.841717 2775 325 80:1f:02:70:8d:0b f8:d1:11:5b:42:5a
1361559598.843111 2777 336 80:1f:02:70:8d:0b f8:d1:11:5b:42:5a
1361559598.846810 2789 336 80:1f:02:70:8d:0b f8:d1:11:5b:42:5a
1361559598.850777 2795 232 80:1f:02:70:8d:0b f8:d1:11:5b:42:5a
1361559598.861255 2801 192 80:1f:02:70:8d:0b f8:d1:11:5b:42:5a
1361559598.863713 2806 202 80:1f:02:70:8d:0b f8:d1:11:5b:42:5a
1361559598.864049 2807 212 80:1f:02:70:8d:0b f8:d1:11:5b:42:5a
1361559598.864340 2809 212 80:1f:02:70:8d:0b f8:d1:11:5b:42:5a
1361559598.868679 2816 281 80:1f:02:70:8d:0b f8:d1:11:5b:42:5a
1361559598.881909 2840 222 80:1f:02:70:8d:0b f8:d1:11:5b:42:5a
1361559598.889249 2846 192 80:1f:02:70:8d:0b f8:d1:11:5b:42:5a
1361559598.889584 2847 192 80:1f:02:70:8d:0b f8:d1:11:5b:42:5a
1361559598.889925 2848 192 80:1f:02:70:8d:0b f8:d1:11:5b:42:5a
1361559598.890270 2849 192 80:1f:02:70:8d:0b f8:d1:11:5b:42:5a
1361559598.890698 2850 192 80:1f:02:70:8d:0b f8:d1:11:5b:42:5a
1361559598.891099 2852 202 80:1f:02:70:8d:0b f8:d1:11:5b:42:5a
1361559598.891307 2853 212 80:1f:02:70:8d:0b f8:d1:11:5b:42:5a
1361559598.901980 2885 281 80:1f:02:70:8d:0b f8:d1:11:5b:42:5a
1361559598.904521 2886 281 80:1f:02:70:8d:0b f8:d1:11:5b:42:5a
1361559598.905433 2890 292 80:1f:02:70:8d:0b f8:d1:11:5b:42:5a
1361559598.905813 2891 303 80:1f:02:70:8d:0b f8:d1:11:5b:42:5a
1361559598.906059 2892 222 80:1f:02:70:8d:0b f8:d1:11:5b:42:5a
1361559598.906338 2893 232 80:1f:02:70:8d:0b f8:d1:11:5b:42:5a
1361559598.916757 2898 192 80:1f:02:70:8d:0b f8:d1:11:5b:42:5a
1361559598.917402 2899 192 80:1f:02:70:8d:0b f8:d1:11:5b:42:5a
1361559598.918031 2900 192 80:1f:02:70:8d:0b f8:d1:11:5b:42:5a
1361559598.930764 2913 281 80:1f:02:70:8d:0b f8:d1:11:5b:42:5a
1361559598.931102 2914 292 80:1f:02:70:8d:0b f8:d1:11:5b:42:5a
1361559598.931446 2915 303 80:1f:02:70:8d:0b f8:d1:11:5b:42:5a
1361559598.933452 2920 303 80:1f:02:70:8d:0b f8:d1:11:5b:42:5a
1361559598.937620 2927 14 00:00:3c:00:00:00 27:51:d0:55:0e:00
1361559598.947275 2940 207 c0:22:ba:8b:82:a6 1b:18:89:46:03:81
1361559598.948594 2944 281 80:1f:02:70:8d:0b f8:d1:11:5b:42:5a
1361559598.953266 2956 1552 db:09:d8:e5:77:64 19:4a:e0:c5:40:88
1361559598.956352 2960 281 80:1f:02:70:8d:0b f8:d1:11:5b:42:5a
1361559598.970578 2970 14 d5:b5:36:b8:fd:78 65:0f:6d:89:0f:19
1361559598.973046 2974 192 80:1f:02:70:8d:0b f8:d1:11:5b:42:5a
1361559598.981698 2989 292 80:1f:02:70:8d:0b f8:d1:11:5b:42:5a
1361559598.982030 2990 303 80:1f:02:70:8d:0b f8:d1:11:5b:42:5a
1361559598.982591 2992 292 80:1f:02:70:8d:0b f8:d1:11:5b:42:5a
1361559598.982925 2993 303 80:1f:02:70:8d:0b f8:d1:11:5b:42:5a
1361559599.1025 3021 1552 4e:ad:98:70:52:62 c8:37:2f:cc:2c:7e
1361559599.3999 3030 207 c0:22:ba:8b:82:a6 ef:1e:8a:46:03:81
1361559599.4747 3032 207 9d:de:14:1f:17:f2 90:1e:f4:91:b8:7a
1361559599.5119 3033 207 c0:ef:b3:22:e4:7b ef:5e:e1:22:0d:7b
1361559599.6185 3037 549 b7:f3:ab:a7:43:ce 34:66:1f:46:e4:63
1361559599.8703 3043 303 80:1f:02:70:8d:0b f8:d1:11:5b:42:5a
1361559599.12414 3045 82 50:46:5d:d1:81:c0 01:80:c2:00:00:00
1361559599.20914 3051 303 80:1f:02:70:8d:0b f8:d1:11:5b:42:5a
1361559599.21713 3055 281 80:1f:02:70:8d:0b f8:d1:11:5b:42:5a
1361559599.21879 3056 292 80:1f:02:70:8d:0b f8:d1:11:5b:42:5a
1361559599.22064 3057 303 80:1f:02:70:8d:0b f8:d1:11:5b:42:5a
1361559599.22639 3061 281 80:1f:02:70:8d:0b f8:d1:11:5b:42:5a
1361559599.22822 3062 292 80:1f:02:70:8d:0b f8:d1:11:5b:42:5a
1361559599.22986 3063 303 80:1f:02:70:8d:0b f8:d1:11:5b:42:5a
1361559599.30397 3068 202 80:1f:02:70:8d:0b f8:d1:11:5b:42:5a
1361559599.30955 3069 202 80:1f:02:70:8d:0b f8:d1:11:5b:42:5a
1361559599.31186 3071 212 80:1f:02:70:8d:0b f8:d1:11:5b:42:5a
1361559599.31442 3073 212 80:1f:02:70:8d:0b f8:d1:11:5b:42:5a
1361559599.33526 3077 292 80:1f:02:70:8d:0b f8:d1:11:5b:42:5a
1361559599.37390 3079 303 80:1f:02:70:8d:0b f8:d1:11:5b:42:5a
1361559599.37543 3080 281 80:1f:02:70:8d:0b f8:d1:11:5b:42:5a
1361559599.37676 3081 292 80:1f:02:70:8d:0b f8:d1:11:5b:42:5a
1361559599.38281 3085 303 80:1f:02:70:8d:0b f8:d1:11:5b:42:5a
1361559599.40286 3089 292 80:1f:02:70:8d:0b f8:d1:11:5b:42:5a
1361559599.41953 3091 303 80:1f:02:70:8d:0b f8:d1:11:5b:42:5a
1361559599.42757 3092 222 80:1f:02:70:8d:0b f8:d1:11:5b:42:5a
1361559599.43714 3094 232 80:1f:02:70:8d:0b f8:d1:11:5b:42:5a
1361559599.55741 3097 192 80:1f:02:70:8d:0b f8:d1:11:5b:42:5a
1361559599.56177 3098 192 80:1f:02:70:8d:0b f8:d1:11:5b:42:5a
1361559599.57228 3100 202 80:1f:02:70:8d:0b f8:d1:11:5b:42:5a
1361559599.58066 3102 202 80:1f:02:70:8d:0b f8:d1:11:5b:42:5a
1361559599.58885 3104 202 80:1f:02:70:8d:0b f8:d1:11:5b:42:5a
1361559599.65270 3115 212 80:1f:02:70:8d:0b f8:d1:11:5b:42:5a
1361559599.65468 3116 281 80:1f:02:70:8d:0b f8:d1:11:5b:42:5a
1361559599.65611 3117 303 80:1f:02:70:8d:0b f8:d1:11:5b:42:5a
1361559599.65782 3118 281 80:1f:02:70:8d:0b f8:d1:11:5b:42:5a
1361559599.65948 3119 292 80:1f:02:70:8d:0b f8:d1:11:5b:42:5a
1361559599.66268 3121 292 80:1f:02:70:8d:0b f8:d1:11:5b:42:5a
1361559599.68881 3129 303 80:1f:02:70:8d:0b f8:d1:11:5b:42:5a
1361559599.69252 3130 281 80:1f:02:70:8d:0b f8:d1:11:5b:42:5a
1361559599.69557 3132 292 80:1f:02:70:8d:0b f8:d1:11:5b:42:5a
1361559599.69716 3133 303 80:1f:02:70:8d:0b f8:d1:11:5b:42:5a
1361559599.84514 3145 202 80:1f:02:70:8d:0b f8:d1:11:5b:42:5a
1361559599.85194 3147 212 80:1f:02:70:8d:0b f8:d1:11:5b:42:5a
1361559599.85733 3149 14 6a:ce:22:9e:2f:c0 28:f7:35:3a:9e:7c
1361559599.86947 3152 14 01:b3:01:b3:2f:c0 27:51:94:57:01:00
1361559599.87956 3153 292 80:1f:02:70:8d:0b f8:d1:11:5b:42:5a
1361559599.88774 3156 303 80:1f:02:70:8d:0b f8:d1:11:5b:42:5a
1361559599.91160 3162 292 80:1f:02:70:8d:0b f8:d1:11:5b:42:5a
1361559599.93237 3165 303 80:1f:02:70:8d:0b f8:d1:11:5b:42:5a
1361559599.94370 3167 303 80:1f:02:70:8d:0b f8:d1:11:5b:42:5a
1361559599.95648 3172 303 80:1f:02:70:8d:0b f8:d1:11:5b:42:5a
1361559599.95940 3173 303 80:1f:02:70:8d:0b f8:d1:11:5b:42:5a
1361559599.96248 3174 303 80:1f:02:70:8d:0b f8:d1:11:5b:42:5a
1361559599.97020 3177 222 80:1f:02:70:8d:0b f8:d1:11:5b:42:5a
1361559599.98198 3179 232 80:1f:02:70:8d:0b f8:d1:11:5b:42:5a
1361559599.109801 3189 192 80:1f:02:70:8d:0b f8:d1:11:5b:42:5a
1361559599.110336 3191 14 01:b3:01:b3:8d:3e 01:b3:01:b3:01:b3
1361559599.115957 3195 192 80:1f:02:70:8d:0b f8:d1:11:5b:42:5a
1361559599.117199 3199 292 80:1f:02:70:8d:0b f8:d1:11:5b:42:5a
1361559599.117291 3200 303 80:1f:02:70:8d:0b f8:d1:11:5b:42:5a
1361559599.121023 3207 292 80:1f:02:70:8d:0b f8:d1:11:5b:42:5a
1361559599.122054 3213 292 80:1f:02:70:8d:0b f8:d1:11:5b:42:5a
1361559599.122491 3214 292 80:1f:02:70:8d:0b f8:d1:11:5b:42:5a
1361559599.122805 3215 1552 71:78:90:6c:be:60 4e:f8:3a:e0:7c:57
1361559599.123335 3216 292 80:1f:02:70:8d:0b f8:d1:11:5b:42:5a
1361559599.123441 3217 14 01:b3:01:b3:02:53 01:b3:01:b3:01:b3
1361559599.123729 3218 1552 15:26:ca:02:e6:35 c5:44:39:0c:d9:da
1361559599.124408 3219 292 80:1f:02:70:8d:0b f8:d1:11:5b:42:5a
1361559599.124742 3220 1552 cb:ab:5b:2c:bd:b2 ef:ba:96:b7:09:47
1361559599.127014 3224 303 80:1f:02:70:8d:0b f8:d1:11:5b:42:5a
1361559599.130126 3231 1552 67:ca:61:fe:2d:26 21:0d:27:1a:14:82
1361559599.130914 3232 14 3a:00:79:36:2f:c0 0e:8c:34:b0:60:b8
1361559599.133340 3235 14 00:00:c0:00:00:00 27:51:fc:19:02:00
1361559599.137724 3236 192 80:1f:02:70:8d:0b f8:d1:11:5b:42:5a
1361559599.138915 3240 202 80:1f:02:70:8d:0b f8:d1:11:5b:42:5a
1361559599.140309 3242 212 80:1f:02:70:8d:0b f8:d1:11:5b:42:5a
1361559599.142527 3247 292 80:1f:02:70:8d:0b f8:d1:11:5b:42:5a
1361559599.143257 3248 292 80:1f:02:70:8d:0b f8:d1:11:5b:42:5a
1361559599.144294 3250 292 80:1f:02:70:8d:0b f8:d1:11:5b:42:5a
1361559599.146930 3251 292 80:1f:02:70:8d:0b f8:d1:11:5b:42:5a
1361559599.148664 3253 303 80:1f:02:70:8d:0b f8:d1:11:5b:42:5a
1361559599.148846 3254 281 80:1f:02:70:8d:0b f8:d1:11:5b:42:5a
1361559599.149031 3255 292 80:1f:02:70:8d:0b f8:d1:11:5b:42:5a
1361559599.149222 3256 303 80:1f:02:70:8d:0b f8:d1:11:5b:42:5a
1361559599.149372 3257 281 80:1f:02:70:8d:0b f8:d1:11:5b:42:5a
1361559599.149672 3259 303 80:1f:02:70:8d:0b f8:d1:11:5b:42:5a
1361559599.149995 3260 303 80:1f:02:70:8d:0b f8:d1:11:5b:42:5a
1361559599.150295 3261 303 80:1f:02:70:8d:0b f8:d1:11:5b:42:5a
1361559599.160420 3266 303 80:1f:02:70:8d:0b f8:d1:11:5b:42:5a
1361559599.161137 3270 292 80:1f:02:70:8d:0b f8:d1:11:5b:42:5a
1361559599.161339 3271 303 80:1f:02:70:8d:0b f8:d1:11:5b:42:5a
1361559599.161496 3272 222 80:1f:02:70:8d:0b f8:d1:11:5b:42:5a
1361559599.161617 3273 232 80:1f:02:70:8d:0b f8:d1:11:5b:42:5a
1361559599.164421 3277 1552 1f:37:9f:cb:ea:d2 da:88:96:51:dd:ab
1361559599.165059 3278 192 80:1f:02:70:8d:0b f8:d1:11:5b:42:5a
1361559599.165369 3279 192 80:1f:02:70:8d:0b f8:d1:11:5b:42:5a
1361559599.166040 3280 192 80:1f:02:70:8d:0b f8:d1:11:5b:42:5a
1361559599.166548 3281 192 80:1f:02:70:8d:0b f8:d1:11:5b:42:5a
1361559599.170859 3287 192 80:1f:02:70:8d:0b f8:d1:11:5b:42:5a
1361559599.173519 3291 292 80:1f:02:70:8d:0b f8:d1:11:5b:42:5a
1361559599.174872 3294 303 80:1f:02:70:8d:0b f8:d1:11:5b:42:5a
1361559599.177376 3302 292 80:1f:02:70:8d:0b f8:d1:11:5b:42:5a
1361559599.178677 3304 303 80:1f:02:70:8d:0b f8:d1:11:5b:42:5a
1361559599.179150 3305 303 80:1f:02:70:8d:0b f8:d1:11:5b:42:5a
1361559599.180167 3306 303 80:1f:02:70:8d:0b f8:d1:11:5b:42:5a
1361559599.180407 3308 222 80:1f:02:70:8d:0b f8:d1:11:5b:42:5a
1361559599.180688 3309 222 80:1f:02:70:8d:0b f8:d1:11:5b:42:5a
1361559599.180885 3310 222 80:1f:02:70:8d:0b f8:d1:11:5b:42:5a
1361559599.181175 3311 222 80:1f:02:70:8d:0b f8:d1:11:5b:42:5a
1361559599.183764 3313 222 80:1f:02:70:8d:0b f8:d1:11:5b:42:5a
1361559599.184320 3315 232 80:1f:02:70:8d:0b f8:d1:11:5b:42:5a
1361559599.192719 3322 192 80:1f:02:70:8d:0b f8:d1:11:5b:42:5a
1361559599.195866 3331 212 80:1f:02:70:8d:0b f8:d1:11:5b:42:5a
1361559599.197797 3337 292 80:1f:02:70:8d:0b f8:d1:11:5b:42:5a
1361559599.198438 3339 303 80:1f:02:70:8d:0b f8:d1:11:5b:42:5a
1361559599.199114 3341 303 80:1f:02:70:8d:0b f8:d1:11:5b:42:5a
1361559599.199791 3342 303 80:1f:02:70:8d:0b f8:d1:11:5b:42:5a
1361559599.200271 3343 303 80:1f:02:70:8d:0b f8:d1:11:5b:42:5a
1361559599.204030 3347 303 80:1f:02:70:8d:0b f8:d1:11:5b:42:5a
1361559599.206010 3355 303 80:1f:02:70:8d:0b f8:d1:11:5b:42:5a
1361559599.206681 3357 222 80:1f:02:70:8d:0b f8:d1:11:5b:42:5a
1361559599.207958 3360 232 80:1f:02:70:8d:0b f8:d1:11:5b:42:5a
1361559599.208235 3361 14 6c:ce:22:9e:3e:00 80:1f:02:70:8d:0b
1361559599.208538 3362 232 80:1f:02:70:8d:0b f8:d1:11:5b:42:5a
1361559599.208873 3364 232 80:1f:02:70:8d:0b f8:d1:11:5b:42:5a
1361559599.209520 3365 232 80:1f:02:70:8d:0b f8:d1:11:5b:42:5a
1361559599.219908 3377 192 80:1f:02:70:8d:0b f8:d1:11:5b:42:5a
1361559599.220261 3378 192 80:1f:02:70:8d:0b f8:d1:11:5b:42:5a
1361559599.224971 3385 14 39:ff:0d:f4:72:d1 b3:2c:57:73:c4:0d
1361559599.225761 3386 292 80:1f:02:70:8d:0b f8:d1:11:5b:42:5a
1361559599.226811 3388 303 80:1f:02:70:8d:0b f8:d1:11:5b:42:5a
1361559599.227919 3390 303 80:1f:02:70:8d:0b f8:d1:11:5b:42:5a
1361559599.228870 3391 303 80:1f:02:70:8d:0b f8:d1:11:5b:42:5a
1361559599.232309 3396 292 80:1f:02:70:8d:0b f8:d1:11:5b:42:5a
1361559599.233696 3398 303 80:1f:02:70:8d:0b f8:d1:11:5b:42:5a
1361559599.234810 3401 222 80:1f:02:70:8d:0b f8:d1:11:5b:42:5a
1361559599.236162 3403 232 80:1f:02:70:8d:0b f8:d1:11:5b:42:5a
1361559599.249450 3415 202 80:1f:02:70:8d:0b f8:d1:11:5b:42:5a
1361559599.250643 3417 212 80:1f:02:70:8d:0b f8:d1:11:5b:42:5a
1361559599.253104 3422 292 80:1f:02:70:8d:0b f8:d1:11:5b:42:5a
1361559599.256644 3428 292 80:1f:02:70:8d:0b f8:d1:11:5b:42:5a
1361559599.257067 3429 292 80:1f:02:70:8d:0b f8:d1:11:5b:42:5a
1361559599.259314 3430 292 80:1f:02:70:8d:0b f8:d1:11:5b:42:5a
1361559599.262770 3436 222 80:1f:02:70:8d:0b f8:d1:11:5b:42:5a
1361559599.263773 3438 232 80:1f:02:70:8d:0b f8:d1:11:5b:42:5a
1361559599.264249 3439 232 80:1f:02:70:8d:0b f8:d1:11:5b:42:5a
1361559599.266224 3440 232 80:1f:02:70:8d:0b f8:d1:11:5b:42:5a
1361559599.275681 3448 192 80:1f:02:70:8d:0b f8:d1:11:5b:42:5a
1361559599.276780 3451 202 80:1f:02:70:8d:0b f8:d1:11:5b:42:5a
1361559599.278153 3452 202 80:1f:02:70:8d:0b f8:d1:11:5b:42:5a
1361559599.279544 3453 202 80:1f:02:70:8d:0b f8:d1:11:5b:42:5a
1361559599.281788 3460 303 80:1f:02:70:8d:0b f8:d1:11:5b:42:5a
1361559599.282427 3461 303 80:1f:02:70:8d:0b f8:d1:11:5b:42:5a
1361559599.284500 3466 292 80:1f:02:70:8d:0b f8:d1:11:5b:42:5a
1361559599.284979 3467 292 80:1f:02:70:8d:0b f8:d1:11:5b:42:5a
1361559599.285669 3468 292 80:1f:02:70:8d:0b f8:d1:11:5b:42:5a
1361559599.286128 3469 292 80:1f:02:70:8d:0b f8:d1:11:5b:42:5a
1361559599.289634 3471 292 80:1f:02:70:8d:0b f8:d1:11:5b:42:5a
1361559599.294033 3479 303 80:1f:02:70:8d:0b f8:d1:11:5b:42:5a
1361559599.294206 3480 281 80:1f:02:70:8d:0b f8:d1:11:5b:42:5a
1361559599.294399 3481 292 80:1f:02:70:8d:0b f8:d1:11:5b:42:5a
1361559599.294590 3482 303 80:1f:02:70:8d:0b f8:d1:11:5b:42:5a
1361559599.294725 3483 222 80:1f:02:70:8d:0b f8:d1:11:5b:42:5a
1361559599.294859 3484 232 80:1f:02:70:8d:0b f8:d1:11:5b:42:5a
1361559599.295187 3486 303 80:1f:02:70:8d:0b f8:d1:11:5b:42:5a
1361559599.295299 3487 222 80:1f:02:70:8d:0b f8:d1:11:5b:42:5a
1361559599.295629 3488 303 80:1f:02:70:8d:0b f8:d1:11:5b:42:5a
1361559599.295746 3489 222 80:1f:02:70:8d:0b f8:d1:11:5b:42:5a
1361559599.296079 3490 303 80:1f:02:70:8d:0b f8:d1:11:5b:42:5a
1361559599.296202 3491 222 80:1f:02:70:8d:0b f8:d1:11:5b:42:5a
1361559599.303793 3495 303 80:1f:02:70:8d:0b f8:d1:11:5b:42:5a
1361559599.306874 3499 222 80:1f:02:70:8d:0b f8:d1:11:5b:42:5a
1361559599.307787 3501 429 43:49:6d:df:54:2a ef:47:79:91:b9:a7
1361559599.308138 3503 202 80:1f:02:70:8d:0b f8:d1:11:5b:42:5a
1361559599.308420 3505 292 80:1f:02:70:8d:0b f8:d1:11:5b:42:5a
1361559599.308735 3506 292 80:1f:02:70:8d:0b f8:d1:11:5b:42:5a
1361559599.309027 3507 292 80:1f:02:70:8d:0b f8:d1:11:5b:42:5a
1361559599.309351 3508 292 80:1f:02:70:8d:0b f8:d1:11:5b:42:5a
1361559599.310128 3510 303 80:1f:02:70:8d:0b f8:d1:11:5b:42:5a
1361559599.310437 3511 303 80:1f:02:70:8d:0b f8:d1:11:5b:42:5a
1361559599.310747 3512 303 80:1f:02:70:8d:0b f8:d1:11:5b:42:5a
1361559599.311067 3513 303 80:1f:02:70:8d:0b f8:d1:11:5b:42:5a
1361559599.312236 3514 14 27:51:01:c7:04:00 28:0d:bc:01:39:21
1361559599.313089 3515 187 f8:d1:11:5b:42:5a 80:1f:02:70:8d:0b
1361559599.314179 3518 281 80:1f:02:70:8d:0b f8:d1:11:5b:42:5a
1361559599.314367 3519 292 80:1f:02:70:8d:0b f8:d1:11:5b:42:5a
1361559599.314534 3520 303 80:1f:02:70:8d:0b f8:d1:11:5b:42:5a
1361559599.316479 3527 292 80:1f:02:70:8d:0b f8:d1:11:5b:42:5a
1361559599.317375 3529 303 80:1f:02:70:8d:0b f8:d1:11:5b:42:5a
1361559599.319884 3530 303 80:1f:02:70:8d:0b f8:d1:11:5b:42:5a
1361559599.320251 3532 1552 e6:56:ee:77:48:c8 f3:d5:bb:93:79:5f
1361559599.331500 3545 192 80:1f:02:70:8d:0b f8:d1:11:5b:42:5a
1361559599.332773 3547 202 80:1f:02:70:8d:0b f8:d1:11:5b:42:5a
1361559599.333159 3548 202 80:1f:02:70:8d:0b f8:d1:11:5b:42:5a
1361559599.333969 3549 202 80:1f:02:70:8d:0b f8:d1:11:5b:42:5a
1361559599.334203 3551 212 80:1f:02:70:8d:0b f8:d1:11:5b:42:5a
1361559599.336564 3555 292 80:1f:02:70:8d:0b f8:d1:11:5b:42:5a
1361559599.337302 3557 14 27:51:36:27:05:00 54:14:48:28:71:90
1361559599.337718 3558 303 80:1f:02:70:8d:0b f8:d1:11:5b:42:5a
1361559599.345080 3568 292 80:1f:02:70:8d:0b f8:d1:11:5b:42:5a
1361559599.345406 3569 303 80:1f:02:70:8d:0b f8:d1:11:5b:42:5a
1361559599.345488 3570 281 80:1f:02:70:8d:0b f8:d1:11:5b:42:5a
1361559599.345626 3571 292 80:1f:02:70:8d:0b f8:d1:11:5b:42:5a
1361559599.346267 3573 420 50:f4:99:e4:21:fd ef:ba:79:31:28:aa
1361559599.346595 3575 292 80:1f:02:70:8d:0b f8:d1:11:5b:42:5a
1361559599.346762 3576 303 80:1f:02:70:8d:0b f8:d1:11:5b:42:5a
1361559599.347082 3577 292 80:1f:02:70:8d:0b f8:d1:11:5b:42:5a
1361559599.347257 3578 303 80:1f:02:70:8d:0b f8:d1:11:5b:42:5a
1361559599.350775 3583 303 80:1f:02:70:8d:0b f8:d1:11:5b:42:5a
1361559599.351867 3587 366 4a:d7:82:bd:e2:c1 b3:61:61:98:ca:f7
1361559599.361849 3595 212 80:1f:02:70:8d:0b f8:d1:11:5b:42:5a
1361559599.362242 3596 212 80:1f:02:70:8d:0b f8:d1:11:5b:42:5a
1361559599.362689 3597 212 80:1f:02:70:8d:0b f8:d1:11:5b:42:5a
1361559599.364385 3599 212 80:1f:02:70:8d:0b f8:d1:11:5b:42:5a
1361559599.365149 3603 292 80:1f:02:70:8d:0b f8:d1:11:5b:42:5a
1361559599.365492 3605 303 80:1f:02:70:8d:0b f8:d1:11:5b:42:5a
1361559599.367855 3609 292 80:1f:02:70:8d:0b f8:d1:11:5b:42:5a
1361559599.370953 3615 292 80:1f:02:70:8d:0b f8:d1:11:5b:42:5a
1361559599.371551 3616 292 80:1f:02:70:8d:0b f8:d1:11:5b:42:5a
1361559599.371855 3618 303 80:1f:02:70:8d:0b f8:d1:11:5b:42:5a
1361559599.373182 3621 222 80:1f:02:70:8d:0b f8:d1:11:5b:42:5a
1361559599.373787 3622 222 80:1f:02:70:8d:0b f8:d1:11:5b:42:5a
1361559599.374355 3623 222 80:1f:02:70:8d:0b f8:d1:11:5b:42:5a
1361559599.374885 3624 222 80:1f:02:70:8d:0b f8:d1:11:5b:42:5a
1361559599.376384 3630 232 80:1f:02:70:8d:0b f8:d1:11:5b:42:5a
1361559599.387170 3637 202 80:1f:02:70:8d:0b f8:d1:11:5b:42:5a
1361559599.387525 3638 202 80:1f:02:70:8d:0b f8:d1:11:5b:42:5a
1361559599.388277 3639 202 80:1f:02:70:8d:0b f8:d1:11:5b:42:5a
1361559599.392562 3647 212 80:1f:02:70:8d:0b f8:d1:11:5b:42:5a
1361559599.392753 3648 281 80:1f:02:70:8d:0b f8:d1:11:5b:42:5a
1361559599.392929 3649 292 80:1f:02:70:8d:0b f8:d1:11:5b:42:5a
1361559599.393113 3650 303 80:1f:02:70:8d:0b f8:d1:11:5b:42:5a
1361559599.393410 3652 303 80:1f:02:70:8d:0b f8:d1:11:5b:42:5a
1361559599.394382 3656 292 80:1f:02:70:8d:0b f8:d1:11:5b:42:5a
1361559599.395016 3657 292 80:1f:02:70:8d:0b f8:d1:11:5b:42:5a
1361559599.395853 3658 292 80:1f:02:70:8d:0b f8:d1:11:5b:42:5a
1361559599.397026 3659 292 80:1f:02:70:8d:0b f8:d1:11:5b:42:5a
1361559599.399116 3663 303 80:1f:02:70:8d:0b f8:d1:11:5b:42:5a
1361559599.399283 3664 281 80:1f:02:70:8d:0b f8:d1:11:5b:42:5a
1361559599.399449 3665 292 80:1f:02:70:8d:0b f8:d1:11:5b:42:5a
1361559599.400045 3669 303 80:1f:02:70:8d:0b f8:d1:11:5b:42:5a
1361559599.400315 3671 222 80:1f:02:70:8d:0b f8:d1:11:5b:42:5a
1361559599.400628 3672 222 80:1f:02:70:8d:0b f8:d1:11:5b:42:5a
1361559599.401865 3674 232 80:1f:02:70:8d:0b f8:d1:11:5b:42:5a
1361559599.413949 3676 192 80:1f:02:70:8d:0b f8:d1:11:5b:42:5a
1361559599.414407 3677 192 80:1f:02:70:8d:0b f8:d1:11:5b:42:5a
1361559599.415077 3678 192 80:1f:02:70:8d:0b f8:d1:11:5b:42:5a
1361559599.415320 3680 202 80:1f:02:70:8d:0b f8:d1:11:5b:42:5a
1361559599.416217 3682 212 80:1f:02:70:8d:0b f8:d1:11:5b:42:5a
1361559599.417460 3684 314 80:1f:02:70:8d:0b f8:d1:11:5b:42:5a
1361559599.418731 3685 314 80:1f:02:70:8d:0b f8:d1:11:5b:42:5a
1361559599.423323 3692 325 80:1f:02:70:8d:0b f8:d1:11:5b:42:5a
1361559599.423636 3694 336 80:1f:02:70:8d:0b f8:d1:11:5b:42:5a
1361559599.423975 3695 336 80:1f:02:70:8d:0b f8:d1:11:5b:42:5a
1361559599.424299 3697 314 80:1f:02:70:8d:0b f8:d1:11:5b:42:5a
1361559599.424597 3698 314 80:1f:02:70:8d:0b f8:d1:11:5b:42:5a
1361559599.431140 3702 314 80:1f:02:70:8d:0b f8:d1:11:5b:42:5a
1361559599.432267 3703 314 80:1f:02:70:8d:0b f8:d1:11:5b:42:5a
1361559599.438914 3710 325 80:1f:02:70:8d:0b f8:d1:11:5b:42:5a
1361559599.439129 3711 336 80:1f:02:70:8d:0b f8:d1:11:5b:42:5a
1361559599.439257 3712 222 80:1f:02:70:8d:0b f8:d1:11:5b:42:5a
1361559599.439339 3713 232 80:1f:02:70:8d:0b f8:d1:11:5b:42:5a
1361559599.439611 3715 222 80:1f:02:70:8d:0b f8:d1:11:5b:42:5a
1361559599.440623 3717 192 80:1f:02:70:8d:0b f8:d1:11:5b:42:5a
1361559599.441755 3719 202 80:1f:02:70:8d:0b f8:d1:11:5b:42:5a
1361559599.445686 3721 1280 09:0c:83:26:ce:46 0f:09:a8:07:25:fa
1361559599.446882 3722 972 09:0c:83:26:ce:46 0f:09:a8:07:30:bd
1361559599.463207 3727 1394 63:65:2c:85:ec:4d 2d:fe:5e:4c:3d:af
1361559599.468459 3728 942 d4:28:c8:82:e0:58 49:ac:27:dd:cb:7f
1361559599.495405 3736 671 2e:f6:9b:3d:1e:31 f0:92:c1:f4:3b:f3
1361559599.497064 3738 671 bc:7b:70:3a:43:b3 8c:e5:e2:2d:73:36
1361559599.497462 3739 671 a8:60:b5:3d:77:ca 00:61:9b:1b:61:65
1361559599.500976 3740 31 b5:2a:e2:9c:d8:16 ce:ff:59:29:8b:15
1361559599.518482 3743 775 22:66:dd:49:f6:ec e1:e7:91:f6:7e:fc
1361559599.538956 3750 24 e0:f8:47:32:a6:2a f8:d1:11:5b:42:5a
1361559599.540236 3752 325 80:1f:02:70:8d:0b f8:d1:11:5b:42:5a
1361559599.552057 3759 192 80:1f:02:70:8d:0b f8:d1:11:5b:42:5a
1361559599.553346 3761 202 80:1f:02:70:8d:0b f8:d1:11:5b:42:5a
1361559599.553888 3762 202 80:1f:02:70:8d:0b f8:d1:11:5b:42:5a
1361559599.554533 3764 212 80:1f:02:70:8d:0b f8:d1:11:5b:42:5a
1361559599.555796 3766 314 80:1f:02:70:8d:0b f8:d1:11:5b:42:5a
1361559599.556190 3767 314 80:1f:02:70:8d:0b f8:d1:11:5b:42:5a
1361559599.556748 3768 314 80:1f:02:70:8d:0b f8:d1:11:5b:42:5a
1361559599.557524 3769 314 80:1f:02:70:8d:0b f8:d1:11:5b:42:5a
1361559599.562681 3774 325 80:1f:02:70:8d:0b f8:d1:11:5b:42:5a
1361559599.562884 3775 336 80:1f:02:70:8d:0b f8:d1:11:5b:42:5a
1361559599.563081 3776 314 80:1f:02:70:8d:0b f8:d1:11:5b:42:5a
1361559599.563294 3777 325 80:1f:02:70:8d:0b f8:d1:11:5b:42:5a
1361559599.563489 3778 336 80:1f:02:70:8d:0b f8:d1:11:5b:42:5a
1361559599.563801 3780 314 80:1f:02:70:8d:0b f8:d1:11:5b:42:5a
1361559599.564446 3782 325 80:1f:02:70:8d:0b f8:d1:11:5b:42:5a
1361559599.565636 3784 336 80:1f:02:70:8d:0b f8:d1:11:5b:42:5a
1361559599.566075 3785 336 80:1f:02:70:8d:0b f8:d1:11:5b:42:5a
1361559599.566947 3786 336 80:1f:02:70:8d:0b f8:d1:11:5b:42:5a
1361559599.567751 3787 336 80:1f:02:70:8d:0b f8:d1:11:5b:42:5a
1361559599.570789 3790 336 80:1f:02:70:8d:0b f8:d1:11:5b:42:5a
1361559599.582377 3796 212 80:1f:02:70:8d:0b f8:d1:11:5b:42:5a
1361559599.584078 3798 24 e0:f8:47:32:a6:2a f8:d1:11:5b:42:5a
1361559599.600693 3815 94 58:6d:8f:3c:f6:5a e0:f8:47:12:e2:ce
1361559599.614294 3820 114 00:0e:58:84:26:55 00:0e:58:84:26:4d
1361559599.614774 3822 1128 00:0e:58:84:26:55 00:0e:58:e8:b6:29
1361559599.666880 3827 314 80:1f:02:70:8d:0b f8:d1:11:5b:42:5a
1361559599.703250 3834 336 80:1f:02:70:8d:0b f8:d1:11:5b:42:5a
1361559599.706192 3835 336 80:1f:02:70:8d:0b f8:d1:11:5b:42:5a
1361559599.707267 3837 24 e0:f8:47:32:a6:2a f8:d1:11:5b:42:5a
1361559599.708745 3843 336 80:1f:02:70:8d:0b f8:d1:11:5b:42:5a
1361559599.708937 3845 232 80:1f:02:70:8d:0b f8:d1:11:5b:42:5a
1361559599.720355 3847 192 80:1f:02:70:8d:0b f8:d1:11:5b:42:5a
1361559599.720798 3848 192 80:1f:02:70:8d:0b f8:d1:11:5b:42:5a
1361559599.721126 3849 192 80:1f:02:70:8d:0b f8:d1:11:5b:42:5a
1361559599.722804 3850 192 80:1f:02:70:8d:0b f8:d1:11:5b:42:5a
1361559599.723413 3854 212 80:1f:02:70:8d:0b f8:d1:11:5b:42:5a
1361559599.726466 3856 336 80:1f:02:70:8d:0b f8:d1:11:5b:42:5a
1361559599.729049 3860 314 80:1f:02:70:8d:0b f8:d1:11:5b:42:5a
1361559599.729290 3861 325 80:1f:02:70:8d:0b f8:d1:11:5b:42:5a
1361559599.729905 3863 336 80:1f:02:70:8d:0b f8:d1:11:5b:42:5a
1361559599.731355 3864 336 80:1f:02:70:8d:0b f8:d1:11:5b:42:5a
1361559599.732062 3865 336 80:1f:02:70:8d:0b f8:d1:11:5b:42:5a
1361559599.732518 3866 336 80:1f:02:70:8d:0b f8:d1:11:5b:42:5a
1361559599.748541 3873 24 e0:f8:47:32:a6:2a f8:d1:11:5b:42:5a
1361559599.830029 3891 354 31:2a:d1:78:7e:51 a5:42:05:15:61:0c
1361559599.869856 3898 314 80:1f:02:70:8d:0b f8:d1:11:5b:42:5a
1361559599.870904 3900 24 e0:f8:47:32:a6:2a f8:d1:11:5b:42:5a
1361559599.872481 3903 314 80:1f:02:70:8d:0b f8:d1:11:5b:42:5a
1361559599.872785 3905 314 80:1f:02:70:8d:0b f8:d1:11:5b:42:5a
1361559599.872982 3906 325 80:1f:02:70:8d:0b f8:d1:11:5b:42:5a
1361559599.873300 3908 325 80:1f:02:70:8d:0b f8:d1:11:5b:42:5a
1361559599.873623 3909 325 80:1f:02:70:8d:0b f8:d1:11:5b:42:5a
1361559599.873935 3910 325 80:1f:02:70:8d:0b f8:d1:11:5b:42:5a
1361559599.887865 3920 192 80:1f:02:70:8d:0b f8:d1:11:5b:42:5a
1361559599.888256 3921 192 80:1f:02:70:8d:0b f8:d1:11:5b:42:5a
1361559599.889016 3922 192 80:1f:02:70:8d:0b f8:d1:11:5b:42:5a
1361559599.890763 3923 192 80:1f:02:70:8d:0b f8:d1:11:5b:42:5a
1361559599.891293 3926 192 80:1f:02:70:8d:0b f8:d1:11:5b:42:5a
1361559599.891894 3928 354 86:25:86:02:89:c5 d7:22:7a:91:b9:5f
1361559599.892192 3930 314 80:1f:02:70:8d:0b f8:d1:11:5b:42:5a
1361559599.892510 3931 314 80:1f:02:70:8d:0b f8:d1:11:5b:42:5a
1361559599.892813 3932 314 80:1f:02:70:8d:0b f8:d1:11:5b:42:5a
1361559599.893653 3935 325 80:1f:02:70:8d:0b f8:d1:11:5b:42:5a
1361559599.893865 3936 336 80:1f:02:70:8d:0b f8:d1:11:5b:42:5a
1361559599.895045 3938 314 80:1f:02:70:8d:0b f8:d1:11:5b:42:5a
1361559599.895500 3939 314 80:1f:02:70:8d:0b f8:d1:11:5b:42:5a
1361559599.896109 3940 314 80:1f:02:70:8d:0b f8:d1:11:5b:42:5a
1361559599.896576 3941 314 80:1f:02:70:8d:0b f8:d1:11:5b:42:5a
1361559599.905428 3944 314 80:1f:02:70:8d:0b f8:d1:11:5b:42:5a
1361559599.906119 3948 325 80:1f:02:70:8d:0b f8:d1:11:5b:42:5a
1361559599.906324 3949 336 80:1f:02:70:8d:0b f8:d1:11:5b:42:5a
1361559599.906528 3950 314 80:1f:02:70:8d:0b f8:d1:11:5b:42:5a
1361559599.906733 3951 325 80:1f:02:70:8d:0b f8:d1:11:5b:42:5a
1361559599.906942 3952 336 80:1f:02:70:8d:0b f8:d1:11:5b:42:5a
1361559599.907057 3953 222 80:1f:02:70:8d:0b f8:d1:11:5b:42:5a
1361559599.907329 3955 222 80:1f:02:70:8d:0b f8:d1:11:5b:42:5a
1361559599.907573 3956 222 80:1f:02:70:8d:0b f8:d1:11:5b:42:5a
1361559599.907845 3958 232 80:1f:02:70:8d:0b f8:d1:11:5b:42:5a
1361559599.908106 3959 232 80:1f:02:70:8d:0b f8:d1:11:5b:42:5a
1361559599.912997 3961 24 e0:f8:47:32:a6:2a f8:d1:11:5b:42:5a
1361559600.9051 3994 24 e0:f8:47:32:a6:2a f8:d1:11:5b:42:5a
1361559600.9926 3996 129 34:f3:29:6e:da:cc 1b:a9:83:cc:06:4c
1361559600.10755 3997 259 80:1f:02:70:8d:0b f8:d1:11:5b:42:5a
1361559600.11834 4000 259 80:1f:02:70:8d:0b f8:d1:11:5b:42:5a
1361559600.12497 4004 270 80:1f:02:70:8d:0b f8:d1:11:5b:42:5a
1361559600.13588 4006 222 80:1f:02:70:8d:0b f8:d1:11:5b:42:5a
1361559600.27139 4011 192 80:1f:02:70:8d:0b f8:d1:11:5b:42:5a
1361559600.27652 4012 192 80:1f:02:70:8d:0b f8:d1:11:5b:42:5a
1361559600.29755 4013 192 80:1f:02:70:8d:0b f8:d1:11:5b:42:5a
1361559600.31398 4014 192 80:1f:02:70:8d:0b f8:d1:11:5b:42:5a
1361559600.31779 4016 202 80:1f:02:70:8d:0b f8:d1:11:5b:42:5a
1361559600.31788 4017 212 80:1f:02:70:8d:0b f8:d1:11:5b:42:5a
1361559600.31909 4018 248 80:1f:02:70:8d:0b f8:d1:11:5b:42:5a
1361559600.32362 4020 222 86:25:86:bd:e2:c1 d7:22:7a:91:b9:5f
1361559600.32580 4022 129 9c:d1:3a:9a:da:cc d7:22:7a:91:b9:27
1361559600.33494 4024 270 80:1f:02:70:8d:0b f8:d1:11:5b:42:5a
1361559600.36951 4026 270 80:1f:02:70:8d:0b f8:d1:11:5b:42:5a
1361559600.38121 4028 248 80:1f:02:70:8d:0b f8:d1:11:5b:42:5a
1361559600.38512 4029 248 80:1f:02:70:8d:0b f8:d1:11:5b:42:5a
1361559600.39328 4030 248 80:1f:02:70:8d:0b f8:d1:11:5b:42:5a
1361559600.46640 4034 248 80:1f:02:70:8d:0b f8:d1:11:5b:42:5a
1361559600.47507 4037 259 80:1f:02:70:8d:0b f8:d1:11:5b:42:5a
1361559600.47677 4038 270 80:1f:02:70:8d:0b f8:d1:11:5b:42:5a
1361559600.47822 4039 222 80:1f:02:70:8d:0b f8:d1:11:5b:42:5a
1361559600.47996 4040 232 80:1f:02:70:8d:0b f8:d1:11:5b:42:5a
1361559600.48259 4042 259 80:1f:02:70:8d:0b f8:d1:11:5b:42:5a
1361559600.48378 4043 222 80:1f:02:70:8d:0b f8:d1:11:5b:42:5a
1361559600.48642 4045 129 f1:bc:19:21:42:46 d7:f8:c2:ef:dd:04
1361559600.54211 4047 24 e0:f8:47:32:a6:2a f8:d1:11:5b:42:5a
1361559600.57459 4049 192 80:1f:02:70:8d:0b f8:d1:11:5b:42:5a
1361559600.130044 4052 24 e0:f8:47:32:a6:2a f8:d1:11:5b:42:5a
1361559600.138508 4055 192 80:1f:02:70:8d:0b f8:d1:11:5b:42:5a
1361559600.139629 4057 202 80:1f:02:70:8d:0b f8:d1:11:5b:42:5a
1361559600.140845 4059 212 80:1f:02:70:8d:0b f8:d1:11:5b:42:5a
1361559600.145288 4062 248 80:1f:02:70:8d:0b f8:d1:11:5b:42:5a
1361559600.145704 4063 248 80:1f:02:70:8d:0b f8:d1:11:5b:42:5a
1361559600.153196 4072 259 80:1f:02:70:8d:0b f8:d1:11:5b:42:5a
1361559600.153403 4073 270 80:1f:02:70:8d:0b f8:d1:11:5b:42:5a
1361559600.153514 4074 248 80:1f:02:70:8d:0b f8:d1:11:5b:42:5a
1361559600.154140 4076 248 80:1f:02:70:8d:0b f8:d1:11:5b:42:5a
1361559600.155967 4080 259 80:1f:02:70:8d:0b f8:d1:11:5b:42:5a
1361559600.156130 4081 270 80:1f:02:70:8d:0b f8:d1:11:5b:42:5a
1361559600.156429 4082 259 80:1f:02:70:8d:0b f8:d1:11:5b:42:5a
1361559600.156578 4083 270 80:1f:02:70:8d:0b f8:d1:11:5b:42:5a
1361559600.181154 4091 24 e0:f8:47:32:a6:2a f8:d1:11:5b:42:5a
1361559600.300045 4093 24 e0:f8:47:32:a6:2a f8:d1:11:5b:42:5a
1361559600.344131 4098 24 e0:f8:47:32:a6:2a f8:d1:11:5b:42:5a
1361559600.462710 4100 24 e0:f8:47:32:a6:2a f8:d1:11:5b:42:5a
1361559600.507582 4106 24 e0:f8:47:32:a6:2a f8:d1:11:5b:42:5a
1361559600.626034 4108 24 e0:f8:47:32:a6:2a f8:d1:11:5b:42:5a
1361559600.671195 4115 24 e0:f8:47:32:a6:2a f8:d1:11:5b:42:5a
1361559600.788899 4117 24 e0:f8:47:32:a6:2a f8:d1:11:5b:42:5a
1361559600.834449 4127 24 e0:f8:47:32:a6:2a f8:d1:11:5b:42:5a
1361559600.951896 4129 24 e0:f8:47:32:a6:2a f8:d1:11:5b:42:5a
1361559600.997353 4136 24 e0:f8:47:32:a6:2a f8:d1:11:5b:42:5a
1361559601.116827 4138 24 e0:f8:47:32:a6:2a f8:d1:11:5b:42:5a
1361559601.162971 4146 24 e0:f8:47:32:a6:2a f8:d1:11:5b:42:5a
1361559601.280568 4148 24 e0:f8:47:32:a6:2a f8:d1:11:5b:42:5a
1361559601.326088 4153 24 e0:f8:47:32:a6:2a f8:d1:11:5b:42:5a
1361559601.444455 4155 24 e0:f8:47:32:a6:2a f8:d1:11:5b:42:5a
1361559601.489255 4166 24 e0:f8:47:32:a6:2a f8:d1:11:5b:42:5a
1361559601.607002 4168 24 e0:f8:47:32:a6:2a f8:d1:11:5b:42:5a
1361559601.652362 4175 24 e0:f8:47:32:a6:2a f8:d1:11:5b:42:5a
1361559601.773990 4177 24 e0:f8:47:32:a6:2a f8:d1:11:5b:42:5a
1361559601.816055 4186 24 e0:f8:47:32:a6:2a f8:d1:11:5b:42:5a
1361559601.935839 4188 24 e0:f8:47:32:a6:2a f8:d1:11:5b:42:5a
1361559601.979352 4200 24 e0:f8:47:32:a6:2a f8:d1:11:5b:42:5a
1361559602.97183 4202 24 e0:f8:47:32:a6:2a f8:d1:11:5b:42:5a
1361559602.142989 4208 24 e0:f8:47:32:a6:2a f8:d1:11:5b:42:5a
1361559602.261893 4210 24 e0:f8:47:32:a6:2a f8:d1:11:5b:42:5a
1361559602.306344 4217 24 e0:f8:47:32:a6:2a f8:d1:11:5b:42:5a
1361559602.424674 4219 24 e0:f8:47:32:a6:2a f8:d1:11:5b:42:5a
1361559602.469629 4226 24 e0:f8:47:32:a6:2a f8:d1:11:5b:42:5a
1361559602.587124 4228 24 e0:f8:47:32:a6:2a f8:d1:11:5b:42:5a
1361559602.614442 4241 66 d8:9e:3f:a7:37:b1 9c:04:eb:49:88:e8
1361559602.664166 4247 28 00:03:93:e9:d4:6b d4:9a:20:6b:7c:fe
1361559602.744418 4252 137 f8:d1:11:5b:42:5a e0:f8:47:32:a6:2a
1361559602.750883 4258 155 e0:f8:47:32:a6:2a f8:d1:11:5b:42:5a
1361559602.754305 4260 241 f8:d1:11:5b:42:5a e0:f8:47:32:a6:2a
1361559602.756273 4261 133 e0:f8:47:32:a6:2a f8:d1:11:5b:42:5a
1361559602.962951 4285 24 e0:f8:47:32:a6:2a f8:d1:11:5b:42:5a
1361559603.6178 4294 82 50:46:5d:d1:81:c0 01:80:c2:00:00:00
1361559603.366602 4337 28 00:23:6c:88:2f:ba 00:0d:93:8a:98:81
1361559603.373135 4339 28 00:23:6c:88:2f:ba 00:0d:93:8a:98:81
1361559603.548061 4368 237 cc:e3:dc:5c:45:74 9d:ce:7b:06:6e:9d
1361559603.549400 4370 1819 4d:99:da:18:6f:38 18:14:11:a1:18:60
1361559603.562811 4373 215 35:c7:56:fa:ee:ee 58:03:e8:22:20:d8
1361559603.613151 4396 215 61:86:71:4d:12:e2 d8:a0:02:81:c1:03
1361559603.613627 4397 216 74:91:1a:8d:fa:70 ab:64:c4:d0:91:98
1361559603.621818 4401 246 00:c0:ca:66:6a:dc 33:33:00:00:00:0c
1361559603.643138 4414 216 4f:c5:83:a0:23:fa 47:ca:32:b9:30:56
1361559603.656342 4423 66 94:67:68:de:2c:23 8a:9c:62:d3:23:29
1361559603.755251 4435 66 ea:1b:e3:d9:fa:98 84:26:3e:04:f7:48
1361559603.806640 4441 14 39:36:30:33:2e:38 c1:67:31:33:36:31
1361559603.846591 4450 1421 0f:63:a2:aa:e0:90 2d:10:08:7e:7c:15
1361559603.963432 4471 130 54:71:c6:08:02:d5 3d:0d:0c:f6:57:dc
1361559603.978625 4482 14 6c:ce:22:9e:33:c0 27:51:47:f0:0e:00
1361559603.986363 4489 1552 cc:bc:02:73:52:05 c1:5b:93:3d:f7:83
1361559603.989677 4499 1552 a2:3b:e8:9d:0e:b1 ff:41:59:3b:db:81
1361559604.6308 4514 1552 f7:1d:ff:f2:dc:eb ff:f5:0d:f9:9f:12
1361559604.11414 4529 1552 47:56:4e:a2:bc:5a a9:22:ee:cc:fd:e3
1361559604.14386 4532 14 6c:ce:22:9e:34:c0 27:51:68:3b:00:00
1361559604.15925 4536 1552 31:45:17:33:fa:1e b0:38:32:aa:6d:7b
1361559604.107875 4579 14 32:8c:df:81:34:c0 27:51:f6:b0:01:00
1361559604.118050 4584 1552 c6:06:5a:26:97:a8 d4:17:28:f6:cd:41
1361559604.174569 4595 14 00:50:f2:01:01:00 00:00:00:00:00:00
1361559604.176077 4600 1552 0d:6a:34:3a:12:ae 23:3b:c2:df:03:6e
1361559604.176628 4601 1552 2c:bb:1b:ad:44:5e 27:de:d3:27:39:cc
1361559604.177712 4605 1552 ed:0e:72:01:54:40 64:b7:31:fa:a6:99
1361559604.188858 4619 14 27:51:bf:e7:02:00 ce:86:a3:cc:d8:1f
1361559604.193621 4624 1552 27:bd:e8:9d:53:28 b8:34:33:2d:4b:83
1361559604.198127 4628 28 76:33:77:d1:e4:93 ce:cc:83:32:f1:f5
1361559604.204297 4633 1552 6f:35:d0:26:4f:9a 39:18:a8:62:15:21
1361559604.216119 4649 1552 0d:e4:1d:f4:5a:a6 8c:31:f1:d8:7c:75
1361559604.216502 4650 14 00:00:0e:00:00:00 27:51:80:4e:03:00
1361559604.222593 4666 1552 5e:c2:a8:c5:54:95 8a:c3:84:3e:3c:3e
1361559604.224074 4668 14 75:93:39:52:34:c0 27:51:57:6d:03:00
1361559604.227219 4674 14 01:b3:01:b3:de:f9 00:38:8f:8c:61:2c
1361559604.228647 4678 1552 78:04:95:3d:0f:13 f6:2c:7c:ca:a8:20
1361559604.229372 4679 1552 ed:cd:62:6d:d6:b9 9b:24:77:b6:9d:05
1361559604.236043 4687 1552 e9:91:ec:dc:da:22 70:01:86:5c:a5:ae
1361559604.242660 4695 14 0a:ca:20:2d:9b:90 fc:e8:a2:d3:fd:2f
1361559604.248491 4701 1552 06:5d:ec:4f:65:ee 6f:93:a9:db:57:6e
1361559604.249506 4704 1552 89:2a:02:db:0d:a6 a3:22:6c:e0:4d:fb
1361559604.249972 4706 1552 fd:2d:21:49:38:84 f7:6b:7a:dc:9a:93
1361559604.250497 4708 1552 f5:39:f8:5f:d8:2e f4:41:14:3e:e4:eb
1361559604.251860 4714 1552 e0:cf:d7:89:2a:e1 9a:e5:f6:07:96:3a
1361559604.253925 4718 1552 fb:ed:0c:23:6d:40 da:22:dc:bd:39:0d
1361559604.263426 4729 1552 5d:cb:7d:b0:06:d2 6e:b7:c4:8c:20:6f
1361559604.263863 4731 1267 ac:b9:08:b9:c2:60 55:85:8c:fa:1a:01
1361559604.270697 4742 1552 46:3e:9d:8d:fc:8d 86:8a:ce:32:a2:1e
1361559604.297146 4761 1552 14:a8:a4:6a:b7:a7 21:27:9f:26:ce:9f
1361559604.308988 4770 14 ad:45:d2:1d:4f:1d 01:b3:01:b3:01:b3
1361559604.309921 4774 14 c2:bc:de:1c:75:ef bf:0b:11:45:42:20
1361559604.311275 4778 1552 33:22:20:13:ef:5d 0d:80:e9:42:b5:4f
1361559604.312636 4782 1552 0a:97:b1:f5:9c:4a 4a:df:a1:c7:50:7a
1361559604.315313 4788 1552 e0:91:8f:76:d3:77 ab:c9:cd:ba:16:73
1361559604.328253 4807 1296 a5:1e:18:1b:97:0a 0f:ea:a1:37:ab:c3
1361559604.330077 4813 14 28:88:f5:98:34:c0 27:51:c4:0a:05:00
1361559604.340405 4830 14 64:a2:39:2e:58:a4 18:1e:40:f2:b7:58
1361559604.345114 4834 14 6c:ce:22:9e:34:c0 27:51:be:4e:05:00
1361559604.353784 4837 1552 7a:63:6e:f5:84:2b 67:96:af:f9:e8:8d
1361559604.375619 4855 14 00:00:0e:00:00:00 27:51:74:c6:05:00
1361559604.379599 4858 1460 3a:ae:af:30:0c:b3 92:e3:df:45:c5:31
1361559604.390281 4869 1552 25:d8:19:9b:25:7b ac:90:d7:ef:67:51
1361559604.410561 4883 1304 15:b8:d1:49:ce:90 c1:94:c9:15:91:46
1361559604.414967 4894 1552 f9:0b:38:93:36:a7 5a:62:d6:34:67:46
1361559604.416080 4898 14 d7:5f:14:de:fc:0f 0d:58:e8:80:be:20
1361559604.423203 4910 14 01:b3:01:b3:3c:da 84:c5:42:b2:c0:22
1361559604.423556 4911 1552 84:5f:9d:eb:7d:8c 61:80:ba:17:b9:b7
1361559604.424314 4913 1552 b4:de:96:15:bc:98 e6:7d:b5:ac:cf:83
1361559604.440768 4918 344 c9:f7:00:dd:bb:c8 eb:b2:e7:25:fc:8f
1361559604.485283 4942 14 49:56:b7:6d:34:c0 c9:45:63:0f:ed:93
1361559604.496525 4951 14 00:00:0e:00:00:00 27:51:42:96:07:00
1361559604.501056 4956 14 00:00:0e:00:00:00 27:51:c7:b4:07:00
1361559604.514242 4961 14 27:51:1b:e7:07:00 65:17:36:67:6d:ba
1361559604.523631 4968 14 19:06:b7:1d:96:28 46:24:44:65:46:0d
1361559604.538367 4981 14 78:76:85:d7:34:c0 27:51:63:41:08:00
1361559604.556129 4988 14 a0:77:7f:ad:34:c0 27:51:27:7d:08:00
1361559604.556327 4989 14 00:00:0e:00:00:00 27:51:f8:83:08:00
1361559604.573893 4997 1552 34:cc:1c:d7:6d:78 75:95:94:e7:4c:c9
1361559604.595617 5012 14 ab:f3:21:2d:34:c0 27:51:77:28:09:00
1361559604.644795 5042 14 27:51:29:d8:09:00 eb:30:b1:5a:2b:09
1361559604.645733 5044 1552 1e:f1:6d:34:cd:fc da:51:a7:ca:3e:ad
1361559604.687356 5067 14 00:00:78:00:00:00 27:51:2a:87:0a:00
1361559604.724722 5082 14 0a:ca:20:1d:34:c0 27:51:01:11:0b:00
1361559604.727232 5087 1367 35:ee:cc:71:9f:3f 91:7e:a2:1d:c3:9b
1361559604.734078 5091 14 27:51:62:35:0b:00 fc:6a:48:28:71:90
1361559604.741102 5098 14 00:00:0e:00:00:00 27:51:5d:50:0b:00
1361559604.747964 5105 1552 fb:c7:ed:8e:c1:26 54:08:a6:03:fd:33
1361559604.759931 5110 353 00:26:b0:f9:10:8d 33:33:00:00:00:fb
1361559604.766285 5111 1523 14:10:9f:cf:e3:b1 01:00:5e:00:00:fb
1361559604.802949 5123 14 01:b3:01:b3:34:c0 01:b3:01:b3:01:b3
1361559604.823478 5128 14 27:51:5f:98:0c:00 37:ed:25:75:57:80
1361559604.826860 5130 14 00:00:0e:00:00:00 27:51:08:a1:0c:00
1361559604.845759 5148 1552 66:8c:00:f8:09:d0 6c:46:97:15:3c:07
1361559604.882520 5166 14 7c:94:05:8e:34:c0 27:51:b2:78:0d:00
1361559604.887020 5171 14 66:ce:22:9e:34:c0 3b:0d:7c:34:9e:5c
1361559604.890311 5173 1552 d7:bf:e5:f9:05:2d 92:f2:1e:50:77:51
1361559604.952943 5230 1552 97:5f:bf:a7:61:4b 2f:fa:b0:72:ae:f1
1361559604.958286 5235 24 e0:f8:47:32:a6:2a f8:d1:11:5b:42:5a
1361559604.958601 5237 14 27:51:7c:a2:0e:00 36:2d:5b:90:b8:d8
1361559604.960855 5241 527 f8:d1:11:5b:42:5a e0:f8:47:32:a6:2a
1361559604.961452 5243 94 e0:f8:47:32:a6:2a f8:d1:11:5b:42:5a
1361559604.961884 5245 14 6c:ce:22:9e:34:c0 27:51:c0:ae:0e:00
1361559605.5373 5266 14 27:51:c7:27:00:00 01:b3:01:b3:01:b3
1361559605.24029 5271 1552 4c:77:c6:a2:c2:f1 7a:43:ba:0e:53:4a
1361559605.27199 5272 14 27:51:82:6f:00:00 13:92:b8:90:47:b4
1361559605.85753 5300 14 01:b3:01:b3:dd:22 63:4e:02:48:f4:85
1361559605.92896 5301 1552 7a:9f:f2:f9:49:24 64:bd:42:ea:df:6b
1361559605.114969 5316 202 80:1f:02:70:8d:0b f8:d1:11:5b:42:5a
1361559605.116145 5320 212 80:1f:02:70:8d:0b f8:d1:11:5b:42:5a
1361559605.117495 5322 314 80:1f:02:70:8d:0b f8:d1:11:5b:42:5a
1361559605.118658 5324 325 80:1f:02:70:8d:0b f8:d1:11:5b:42:5a
1361559605.119224 5326 1552 05:6d:cb:42:f1:1c e1:9f:3e:59:dd:7d
1361559605.119851 5327 336 80:1f:02:70:8d:0b f8:d1:11:5b:42:5a
1361559605.127334 5334 336 80:1f:02:70:8d:0b f8:d1:11:5b:42:5a
1361559605.128019 5335 336 80:1f:02:70:8d:0b f8:d1:11:5b:42:5a
1361559605.128225 5337 222 80:1f:02:70:8d:0b f8:d1:11:5b:42:5a
1361559605.129616 5340 232 80:1f:02:70:8d:0b f8:d1:11:5b:42:5a
1361559605.130199 5341 232 80:1f:02:70:8d:0b f8:d1:11:5b:42:5a
1361559605.130488 5343 14 00:00:0e:00:00:00 27:51:98:0a:02:00
1361559605.141680 5354 192 80:1f:02:70:8d:0b f8:d1:11:5b:42:5a
1361559605.142174 5356 192 80:1f:02:70:8d:0b f8:d1:11:5b:42:5a
1361559605.142845 5358 202 80:1f:02:70:8d:0b f8:d1:11:5b:42:5a
1361559605.143729 5360 1552 a9:96:8c:97:ec:a6 01:dc:aa:2f:c1:00
1361559605.143966 5361 212 80:1f:02:70:8d:0b f8:d1:11:5b:42:5a
1361559605.145972 5363 314 80:1f:02:70:8d:0b f8:d1:11:5b:42:5a
1361559605.146252 5365 325 80:1f:02:70:8d:0b f8:d1:11:5b:42:5a
1361559605.147690 5367 336 80:1f:02:70:8d:0b f8:d1:11:5b:42:5a
1361559605.148112 5368 336 80:1f:02:70:8d:0b f8:d1:11:5b:42:5a
1361559605.148527 5369 336 80:1f:02:70:8d:0b f8:d1:11:5b:42:5a
1361559605.148949 5370 336 80:1f:02:70:8d:0b f8:d1:11:5b:42:5a
1361559605.149261 5372 314 80:1f:02:70:8d:0b f8:d1:11:5b:42:5a
1361559605.149566 5373 314 80:1f:02:70:8d:0b f8:d1:11:5b:42:5a
1361559605.149916 5374 314 80:1f:02:70:8d:0b f8:d1:11:5b:42:5a
1361559605.150227 5375 314 80:1f:02:70:8d:0b f8:d1:11:5b:42:5a
1361559605.151073 5378 325 80:1f:02:70:8d:0b f8:d1:11:5b:42:5a
1361559605.151274 5379 336 80:1f:02:70:8d:0b f8:d1:11:5b:42:5a
1361559605.157602 5387 82 66:d4:b4:de:f5:03 83:2b:87:73:21:d9
1361559605.158329 5388 232 80:1f:02:70:8d:0b f8:d1:11:5b:42:5a
1361559605.159573 5389 232 80:1f:02:70:8d:0b f8:d1:11:5b:42:5a
1361559605.164035 5391 24 e0:f8:47:32:a6:2a f8:d1:11:5b:42:5a
1361559605.166423 5393 225 ca:35:e6:6b:29:52 59:68:3b:e9:6b:87
1361559605.169088 5396 192 80:1f:02:70:8d:0b f8:d1:11:5b:42:5a
1361559605.169417 5397 192 80:1f:02:70:8d:0b f8:d1:11:5b:42:5a
1361559605.170198 5399 202 80:1f:02:70:8d:0b f8:d1:11:5b:42:5a
1361559605.171436 5402 212 80:1f:02:70:8d:0b f8:d1:11:5b:42:5a
1361559605.173204 5408 314 80:1f:02:70:8d:0b f8:d1:11:5b:42:5a
1361559605.173868 5410 325 80:1f:02:70:8d:0b f8:d1:11:5b:42:5a
1361559605.176905 5414 336 80:1f:02:70:8d:0b f8:d1:11:5b:42:5a
1361559605.177061 5415 314 80:1f:02:70:8d:0b f8:d1:11:5b:42:5a
1361559605.177402 5417 336 80:1f:02:70:8d:0b f8:d1:11:5b:42:5a
1361559605.177678 5419 325 80:1f:02:70:8d:0b f8:d1:11:5b:42:5a
1361559605.178014 5420 325 80:1f:02:70:8d:0b f8:d1:11:5b:42:5a
1361559605.178318 5421 325 80:1f:02:70:8d:0b f8:d1:11:5b:42:5a
1361559605.182096 5423 325 80:1f:02:70:8d:0b f8:d1:11:5b:42:5a
1361559605.182911 5427 336 80:1f:02:70:8d:0b f8:d1:11:5b:42:5a
1361559605.183100 5428 314 80:1f:02:70:8d:0b f8:d1:11:5b:42:5a
1361559605.183312 5429 325 80:1f:02:70:8d:0b f8:d1:11:5b:42:5a
1361559605.183536 5430 336 80:1f:02:70:8d:0b f8:d1:11:5b:42:5a
1361559605.183832 5432 336 80:1f:02:70:8d:0b f8:d1:11:5b:42:5a
1361559605.184080 5434 222 80:1f:02:70:8d:0b f8:d1:11:5b:42:5a
1361559605.184628 5436 232 80:1f:02:70:8d:0b f8:d1:11:5b:42:5a
1361559605.196240 5440 192 80:1f:02:70:8d:0b f8:d1:11:5b:42:5a
1361559605.197338 5442 202 80:1f:02:70:8d:0b f8:d1:11:5b:42:5a
1361559605.197937 5444 202 80:1f:02:70:8d:0b f8:d1:11:5b:42:5a
1361559605.198525 5445 202 80:1f:02:70:8d:0b f8:d1:11:5b:42:5a
1361559605.199724 5446 202 80:1f:02:70:8d:0b f8:d1:11:5b:42:5a
1361559605.201253 5451 212 80:1f:02:70:8d:0b f8:d1:11:5b:42:5a
1361559605.201449 5452 314 80:1f:02:70:8d:0b f8:d1:11:5b:42:5a
1361559605.201644 5453 325 80:1f:02:70:8d:0b f8:d1:11:5b:42:5a
1361559605.201889 5455 212 80:1f:02:70:8d:0b f8:d1:11:5b:42:5a
1361559605.202197 5457 336 80:1f:02:70:8d:0b f8:d1:11:5b:42:5a
1361559605.203140 5459 314 80:1f:02:70:8d:0b f8:d1:11:5b:42:5a
1361559605.204359 5461 325 80:1f:02:70:8d:0b f8:d1:11:5b:42:5a
1361559605.205521 5463 336 80:1f:02:70:8d:0b f8:d1:11:5b:42:5a
1361559605.207671 5465 314 80:1f:02:70:8d:0b f8:d1:11:5b:42:5a
1361559605.208093 5466 314 80:1f:02:70:8d:0b f8:d1:11:5b:42:5a
1361559605.208798 5468 14 03:00:0e:00:00:00 27:51:35:c0:27:51
1361559605.209950 5469 314 80:1f:02:70:8d:0b f8:d1:11:5b:42:5a
1361559605.212401 5476 325 80:1f:02:70:8d:0b f8:d1:11:5b:42:5a
1361559605.212590 5477 336 80:1f:02:70:8d:0b f8:d1:11:5b:42:5a
1361559605.212726 5478 222 80:1f:02:70:8d:0b f8:d1:11:5b:42:5a
1361559605.212857 5479 232 80:1f:02:70:8d:0b f8:d1:11:5b:42:5a
1361559605.213196 5481 325 80:1f:02:70:8d:0b f8:d1:11:5b:42:5a
1361559605.213396 5482 336 80:1f:02:70:8d:0b f8:d1:11:5b:42:5a
1361559605.213648 5483 1304 81:fc:a6:c5:e9:a3 85:83:17:f4:ad:ce
1361559605.216574 5485 14 27:51:5d:53:03:00 28:0d:fc:58:ba:d8
1361559605.221596 5488 14 3a:00:79:36:35:c0 27:51:5c:63:03:00
1361559605.223924 5491 192 80:1f:02:70:8d:0b f8:d1:11:5b:42:5a
1361559605.224347 5492 192 80:1f:02:70:8d:0b f8:d1:11:5b:42:5a
1361559605.225138 5493 192 80:1f:02:70:8d:0b f8:d1:11:5b:42:5a
1361559605.228790 5497 202 80:1f:02:70:8d:0b f8:d1:11:5b:42:5a
1361559605.229028 5498 212 80:1f:02:70:8d:0b f8:d1:11:5b:42:5a
1361559605.229395 5500 325 80:1f:02:70:8d:0b f8:d1:11:5b:42:5a
1361559605.229580 5501 336 80:1f:02:70:8d:0b f8:d1:11:5b:42:5a
1361559605.230024 5503 325 80:1f:02:70:8d:0b f8:d1:11:5b:42:5a
1361559605.231262 5505 325 80:1f:02:70:8d:0b f8:d1:11:5b:42:5a
1361559605.231882 5506 14 01:b3:01:b3:35:c0 01:b3:01:b3:01:b3
1361559605.234192 5514 325 80:1f:02:70:8d:0b f8:d1:11:5b:42:5a
1361559605.234494 5516 314 80:1f:02:70:8d:0b f8:d1:11:5b:42:5a
1361559605.234809 5517 314 80:1f:02:70:8d:0b f8:d1:11:5b:42:5a
1361559605.235116 5518 314 80:1f:02:70:8d:0b f8:d1:11:5b:42:5a
1361559605.235736 5520 325 80:1f:02:70:8d:0b f8:d1:11:5b:42:5a
1361559605.236405 5522 336 80:1f:02:70:8d:0b f8:d1:11:5b:42:5a
1361559605.236907 5523 336 80:1f:02:70:8d:0b f8:d1:11:5b:42:5a
1361559605.239429 5526 336 80:1f:02:70:8d:0b f8:d1:11:5b:42:5a
1361559605.239562 5527 14 00:00:14:00:00:00 27:51:eb:a8:03:00
1361559605.247911 5535 14 01:b3:01:b3:d5:f9 01:b3:01:b3:01:b3
1361559605.248676 5536 1552 d6:49:f3:05:46:ba 74:5c:42:7e:e5:09
1361559605.251651 5542 14 27:51:59:d9:03:00 3e:2a:fc:58:ba:d8
1361559605.252249 5543 14 1a:c6:22:12:c1:9a 5b:17:24:f8:43:71
1361559605.260451 5550 232 80:1f:02:70:8d:0b f8:d1:71:55:97:92
1361559605.260780 5552 336 80:1f:02:70:8d:0b f8:d1:11:5b:42:5a
1361559605.260977 5553 314 80:1f:02:70:8d:0b f8:d1:11:5b:42:5a
1361559605.261181 5554 325 80:1f:02:70:8d:0b f8:d1:11:5b:42:5a
1361559605.261400 5555 336 80:1f:02:70:8d:0b f8:d1:11:5b:42:5a
1361559605.261576 5556 314 80:1f:02:70:8d:0b f8:d1:11:5b:42:5a
1361559605.261680 5558 14 27:51:e4:fe:03:00 ce:09:69:ac:e9:01
1361559605.262168 5561 336 80:1f:02:70:8d:0b f8:d1:11:5b:42:5a
1361559605.265758 5565 325 80:1f:02:70:8d:0b f8:d1:11:5b:42:5a
1361559605.265956 5566 336 80:1f:02:70:8d:0b f8:d1:11:5b:42:5a
1361559605.266091 5567 222 80:1f:02:70:8d:0b f8:d1:11:5b:42:5a
1361559605.266221 5568 232 80:1f:02:70:8d:0b f8:d1:11:5b:42:5a
1361559605.266564 5570 325 80:1f:02:70:8d:0b f8:d1:11:5b:42:5a
1361559605.266761 5571 336 80:1f:02:70:8d:0b f8:d1:11:5b:42:5a
1361559605.267085 5573 325 80:1f:02:70:8d:0b f8:d1:11:5b:42:5a
1361559605.267373 5574 325 80:1f:02:70:8d:0b f8:d1:11:5b:42:5a
1361559605.272417 5579 325 80:1f:02:70:8d:0b f8:d1:11:5b:42:5a
1361559605.277467 5589 192 80:1f:02:70:8d:0b f8:d1:11:5b:42:5a
1361559605.278054 5590 192 80:1f:02:70:8d:0b f8:d1:11:5b:42:5a
1361559605.278635 5591 192 80:1f:02:70:8d:0b f8:d1:11:5b:42:5a
1361559605.279797 5592 192 80:1f:02:70:8d:0b f8:d1:11:5b:42:5a
1361559605.282304 5595 192 80:1f:02:70:8d:0b f8:d1:11:5b:42:5a
1361559605.284044 5596 192 80:1f:02:70:8d:0b f8:d1:11:5b:42:5a
1361559605.285660 5600 314 80:1f:02:70:8d:0b f8:d1:11:5b:42:5a
1361559605.285960 5602 325 80:1f:02:70:8d:0b f8:d1:11:5b:42:5a
1361559605.287279 5604 336 80:1f:02:70:8d:0b f8:d1:11:5b:42:5a
1361559605.287906 5606 336 80:1f:02:70:8d:0b f8:d1:11:5b:42:5a
1361559605.288168 5608 314 80:1f:02:70:8d:0b f8:d1:11:5b:42:5a
1361559605.288488 5609 314 80:1f:02:70:8d:0b f8:d1:11:5b:42:5a
1361559605.289639 5611 325 80:1f:02:70:8d:0b f8:d1:11:5b:42:5a
1361559605.290772 5615 336 80:1f:02:70:8d:0b f8:d1:11:5b:42:5a
1361559605.292048 5619 222 80:1f:02:70:8d:0b f8:d1:11:5b:42:5a
1361559605.292976 5621 14 3d:8f:c1:fd:2e:3b 06:a0:79:09:8f:2f
1361559605.293256 5622 1552 19:c4:3c:63:c0:ec 57:31:c2:fa:0f:a5
1361559605.293535 5623 232 80:1f:02:70:8d:0b f8:d1:11:5b:42:5a
1361559605.294133 5624 232 80:1f:02:70:8d:0b f8:d1:11:5b:42:5a
1361559605.303860 5634 14 00:00:0e:00:00:00 27:51:36:a6:04:00
1361559605.305046 5636 192 80:1f:02:70:8d:0b f8:d1:11:5b:42:5a
1361559605.305342 5637 192 80:1f:02:70:8d:0b f8:d1:11:5b:42:5a
1361559605.305796 5638 192 80:1f:02:70:8d:0b f8:d1:11:5b:42:5a
1361559605.309542 5640 192 80:1f:02:70:8d:0b f8:d1:11:5b:42:5a
1361559605.310008 5642 202 80:1f:02:70:8d:0b f8:d1:11:5b:42:5a
1361559605.310145 5643 212 80:1f:02:70:8d:0b f8:d1:11:5b:42:5a
1361559605.310335 5644 314 80:1f:02:70:8d:0b f8:d1:11:5b:42:5a
1361559605.310526 5645 325 80:1f:02:70:8d:0b f8:d1:11:5b:42:5a
1361559605.311031 5648 336 80:1f:02:70:8d:0b f8:d1:11:5b:42:5a
1361559605.312342 5650 336 80:1f:02:70:8d:0b f8:d1:11:5b:42:5a
1361559605.313674 5651 336 80:1f:02:70:8d:0b f8:d1:11:5b:42:5a
1361559605.315422 5655 336 80:1f:02:70:8d:0b f8:d1:11:5b:42:5a
1361559605.318412 5656 336 80:1f:02:70:8d:0b f8:d1:11:5b:42:5a
1361559605.320319 5659 314 80:1f:02:70:8d:0b f8:d1:11:5b:42:5a
1361559605.331930 5667 192 80:1f:02:70:8d:0b f8:d1:11:5b:42:5a
1361559605.333254 5670 202 80:1f:02:70:8d:0b f8:d1:11:5b:42:5a
1361559605.334080 5672 268 50:24:f9:44:75:7d 88:bf:22:4d:a9:7b
1361559605.335834 5675 314 80:1f:02:70:8d:0b f8:d1:11:5b:42:5a
1361559605.336168 5676 314 80:1f:02:70:8d:0b f8:d1:11:5b:42:5a
1361559605.336905 5678 314 80:1f:02:70:8d:0b f8:d1:11:5b:42:5a
1361559605.337466 5679 314 80:1f:02:70:8d:0b f8:d1:11:5b:42:5a
1361559605.341840 5689 325 80:1f:02:70:8d:0b f8:d1:11:5b:42:5a
1361559605.342026 5690 314 80:1f:02:70:8d:0b f8:d1:11:5b:42:5a
1361559605.342339 5692 325 80:1f:02:70:8d:0b f8:d1:11:5b:42:5a
1361559605.342701 5694 336 80:1f:02:70:8d:0b f8:d1:11:5b:42:5a
1361559605.343355 5695 336 80:1f:02:70:8d:0b f8:d1:11:5b:42:5a
1361559605.344906 5698 336 80:1f:02:70:8d:0b f8:d1:11:5b:42:5a
1361559605.356904 5706 14 01:b3:01:b3:57:d4 ef:45:36:5e:88:3d
1361559605.358047 5709 336 80:1f:02:70:8d:0b f8:d1:11:5b:42:5a
1361559605.360593 5712 192 80:1f:02:70:8d:0b f8:d1:11:5b:42:5a
1361559605.360999 5714 202 80:1f:02:70:8d:0b f8:d1:11:5b:42:5a
1361559605.362090 5716 212 80:1f:02:70:8d:0b f8:d1:11:5b:42:5a
1361559605.362583 5717 212 80:1f:02:70:8d:0b f8:d1:11:5b:42:5a
1361559605.363273 5719 212 80:1f:02:70:8d:0b f8:d1:11:5b:42:5a
1361559605.364534 5720 212 80:1f:02:70:8d:0b f8:d1:11:5b:42:5a
1361559605.368244 5725 212 80:1f:02:70:8d:0b f8:d1:11:5b:42:5a
1361559605.368578 5727 314 80:1f:02:70:8d:0b f8:d1:11:5b:42:5a
1361559605.368757 5728 325 80:1f:02:70:8d:0b f8:d1:11:5b:42:5a
1361559605.368968 5729 336 80:1f:02:70:8d:0b f8:d1:11:5b:42:5a
1361559605.369160 5730 314 80:1f:02:70:8d:0b f8:d1:11:5b:42:5a
1361559605.369339 5731 325 80:1f:02:70:8d:0b f8:d1:11:5b:42:5a
1361559605.369875 5733 318 2e:55:84:bd:e2:41 d7:50:d0:09:ea:36
1361559605.373932 5737 222 80:1f:02:70:8d:0b f8:d1:11:5b:42:5a
1361559605.382325 5746 14 8a:21:cc:8c:35:c0 19:1a:67:87:7f:84
1361559605.387342 5747 192 80:1f:02:70:8d:0b f8:d1:11:5b:42:5a
1361559605.388499 5749 202 80:1f:02:70:8d:0b f8:d1:11:8b:44:5a
1361559605.389689 5751 212 80:1f:02:70:8d:0b f8:d1:11:5b:42:5a
1361559605.390725 5753 212 80:1f:02:70:8d:0b f8:d1:11:5b:42:5a
1361559605.391189 5754 212 80:1f:02:70:8d:0b f8:d1:11:5b:42:5a
1361559605.394277 5763 314 80:1f:02:70:8d:0b f8:d1:11:5b:42:5a
1361559605.394393 5764 325 80:1f:02:70:8d:0b f8:d1:11:5b:42:5a
1361559605.394575 5765 336 80:1f:02:70:8d:0b f8:d1:11:5b:42:5a
1361559605.394915 5767 314 80:1f:02:70:8d:0b f8:d1:11:5b:42:5a
1361559605.395098 5768 325 80:1f:02:70:8d:0b f8:d1:11:5b:42:5a
1361559605.395436 5769 314 80:1f:02:70:8d:0b f8:d1:11:5b:42:5a
1361559605.395629 5770 325 80:1f:02:70:8d:0b f8:d1:11:5b:42:5a
1361559605.395928 5771 314 80:1f:02:70:8d:0b f8:d1:11:5b:42:5a
1361559605.396116 5772 325 80:1f:02:70:8d:0b f8:d1:11:5b:42:5a
1361559605.398386 5778 325 80:1f:02:70:8d:0b f8:d1:11:5b:42:5a
1361559605.398680 5780 314 80:1f:02:70:8d:0b f8:d1:11:5b:42:5a
1361559605.398988 5782 325 80:1f:02:70:8d:0b f8:d1:11:5b:42:5a
1361559605.400328 5784 336 80:1f:02:70:8d:0b f8:d1:11:5b:42:5a
1361559605.401335 5786 222 80:1f:02:70:8d:0b f8:d1:11:5b:42:5a
1361559605.402603 5788 232 80:1f:02:70:8d:0b f8:d1:11:5b:42:5a
1361559605.403182 5789 232 80:1f:02:70:8d:0b f8:d1:11:5b:42:5a
1361559605.403751 5790 232 80:1f:02:70:8d:0b f8:d1:11:5b:42:5a
1361559605.404240 5791 232 80:1f:02:70:8d:0b f8:d1:11:5b:42:5a
1361559605.407369 5794 232 80:1f:02:70:8d:0b f8:d1:11:5b:42:5a
1361559605.414794 5801 192 80:1f:02:70:8d:0b f8:d1:11:5b:42:5a
1361559605.416017 5805 202 80:1f:02:70:8d:0b f8:d1:11:5b:42:5a
1361559605.417193 5807 212 80:1f:02:70:8d:0b f8:d1:11:5b:42:5a
1361559605.418436 5809 314 80:1f:02:70:8d:0b f8:d1:11:5b:42:5a
1361559605.421378 5813 336 80:1f:02:70:8d:0b f8:d1:11:5b:42:5a
1361559605.422004 5815 336 80:1f:02:70:8d:0b f8:d1:11:5b:42:5a
1361559605.422300 5817 314 80:1f:02:70:8d:0b f8:d1:11:5b:42:5a
1361559605.424373 5820 336 80:1f:02:70:8d:0b f8:d1:11:5b:42:5a
1361559605.426110 5822 314 80:1f:02:70:8d:0b f8:d1:11:5b:42:5a
1361559605.426772 5824 325 80:1f:02:70:8d:0b f8:d1:11:5b:42:5a
1361559605.428834 5827 336 80:1f:02:70:8d:0b f8:d1:11:5b:42:5a
1361559605.429334 5828 336 80:1f:02:70:8d:0b f8:d1:11:5b:42:5a
1361559605.430325 5829 336 80:1f:02:70:8d:0b f8:d1:11:5b:42:5a
1361559605.435613 5833 14 09:19:ee:ec:35:c0 27:51:53:ac:06:00
1361559605.437331 5834 14 6c:ce:22:9e:35:c0 27:51:b5:b2:06:00
1361559605.441141 5838 14 00:00:0e:00:00:00 27:51:78:bb:06:00
1361559605.450720 5846 86 e0:f8:47:32:a6:2a ff:ff:ff:ff:ff:ff
1361559605.451543 5848 24 e0:f8:47:32:a6:2a f8:d1:11:5b:42:5a
1361559605.451928 5850 100 e0:f8:47:32:a6:2a ff:ff:ff:ff:ff:ff
1361559605.452231 5852 86 e0:f8:47:32:a6:2a 01:00:5e:00:00:01
1361559605.452666 5855 86 e0:f8:47:32:a6:2a ff:ff:ff:ff:ff:ff
1361559605.452989 5857 100 e0:f8:47:32:a6:2a ff:ff:ff:ff:ff:ff
1361559605.453532 5858 100 e0:f8:47:32:a6:2a 01:00:5e:00:00:01
1361559605.455216 5859 14 00:00:0e:00:00:00 27:51:a2:f3:06:00
1361559605.458705 5864 14 00:00:14:00:00:00 27:51:81:05:07:00
1361559605.460700 5867 336 80:1f:02:70:8d:0b f8:d1:11:5b:42:5a
1361559605.465641 5873 325 80:1f:02:70:8d:0b f8:d1:11:5b:42:5a
1361559605.465966 5875 336 80:1f:02:70:8d:0b f8:d1:11:5b:42:5a
1361559605.466167 5876 314 80:1f:02:70:8d:0b f8:d1:11:5b:42:5a
1361559605.466361 5877 325 80:1f:02:70:8d:0b f8:d1:11:5b:42:5a
1361559605.466576 5878 336 80:1f:02:70:8d:0b f8:d1:11:5b:42:5a
1361559605.466762 5879 314 80:1f:02:70:8d:0b f8:d1:11:5b:42:5a
1361559605.467075 5881 314 80:1f:02:70:8d:0b f8:d1:11:5b:42:5a
1361559605.474158 5891 314 80:1f:02:70:8d:0b f8:d1:11:5b:42:5a
1361559605.475700 5895 336 80:1f:02:70:8d:0b f8:d1:11:5b:42:5a
1361559605.475848 5896 232 80:1f:02:70:8d:0b f8:d1:11:5b:42:5a
1361559605.475953 5897 212 80:1f:02:70:8d:0b f8:d1:11:5b:42:5a
1361559605.476284 5899 336 80:1f:02:70:8d:0b f8:d1:11:5b:42:5a
1361559605.477541 5905 314 80:1f:02:70:8d:0b f8:d1:11:5b:42:5a
1361559605.477862 5906 314 80:1f:02:70:8d:0b f8:d1:11:5b:42:5a
1361559605.478167 5907 314 80:1f:02:70:8d:0b f8:d1:11:5b:42:5a
1361559605.478478 5908 314 80:1f:02:70:8d:0b f8:d1:11:5b:42:5a
1361559605.479310 5910 325 80:1f:02:70:8d:0b f8:d1:11:5b:42:5a
1361559605.479624 5912 336 80:1f:02:70:8d:0b f8:d1:11:5b:42:5a
1361559605.481009 5915 314 80:1f:02:70:8d:0b f8:d1:11:5b:42:5a
1361559605.482162 5917 325 80:1f:02:70:8d:0b f8:d1:11:5b:42:5a
1361559605.483389 5919 336 80:1f:02:70:8d:0b f8:d1:11:5b:42:5a
1361559605.484459 5921 222 80:1f:02:70:8d:0b f8:d1:11:5b:42:5a
1361559605.485154 5922 222 80:1f:02:70:8d:0b f8:d1:11:5b:42:5a
1361559605.485923 5923 222 80:1f:02:70:8d:0b f8:d1:11:5b:42:5a
1361559605.486267 5924 222 80:1f:02:70:8d:0b f8:d1:11:5b:42:5a
1361559605.494606 5931 14 27:51:07:95:07:00 56:fb:02:f5:af:3c
1361559605.500330 5934 212 80:1f:02:70:8d:0b f8:d1:11:5b:42:5a
1361559605.501666 5936 314 80:1f:02:70:8d:0b f8:d1:11:5b:42:5a
1361559605.502197 5937 314 80:1f:02:70:8d:0b f8:d1:11:5b:42:5a
1361559605.503100 5938 314 80:1f:02:70:8d:0b f8:d1:11:5b:42:5a
1361559605.504191 5939 314 80:1f:02:70:8d:0b f8:d1:11:5b:42:5a
1361559605.507950 5943 314 80:1f:02:70:8d:0b f8:d1:11:5b:42:5a
1361559605.508642 5947 325 80:1f:02:70:8d:0b f8:d1:11:5b:42:5a
1361559605.508829 5948 336 80:1f:02:70:8d:0b f8:d1:11:5b:42:5a
1361559605.509072 5949 314 80:1f:02:70:8d:0b f8:d1:11:5b:42:5a
1361559605.509260 5950 325 80:1f:02:70:8d:0b f8:d1:11:5b:42:5a
1361559605.509437 5951 336 80:1f:02:70:8d:0b f8:d1:11:5b:42:5a
1361559605.509750 5953 325 80:1f:02:70:8d:0b f8:d1:11:5b:42:5a
1361559605.510069 5955 325 80:1f:02:70:8d:0b f8:d1:11:5b:42:5a
1361559605.510386 5956 325 80:1f:02:70:8d:0b f8:d1:11:5b:42:5a
1361559605.514632 5961 314 80:1f:02:70:8d:0b f8:d1:11:5b:42:5a
1361559605.514781 5962 325 80:1f:02:70:8d:0b f8:d1:11:5b:42:5a
1361559605.514978 5963 336 80:1f:02:70:8d:0b f8:d1:11:5b:42:5a
1361559605.515131 5964 222 80:1f:02:70:8d:0b f8:d1:11:5b:42:5a
1361559605.515254 5965 232 80:1f:02:70:8d:0b f8:d1:11:5b:42:5a
1361559605.516685 5968 14 00:00:0e:00:00:00 27:51:57:e6:07:00
1361559605.519485 5972 1552 79:02:a7:f4:1f:46 9e:04:77:78:eb:6e
1361559605.521803 5979 14 0d:27:83:0e:4d:46 72:ff:d2:9f:e1:13
1361559605.526560 5984 202 80:1f:02:70:8d:0b f8:d1:11:5b:42:5a
1361559605.527114 5985 202 80:1f:02:70:8d:0b f8:d1:11:5b:42:5a
1361559605.527919 5986 202 80:1f:02:70:8d:0b f8:d1:11:5b:42:5a
1361559605.528447 5987 202 80:1f:02:70:8d:0b f8:d1:11:5b:42:5a
1361559605.532932 5990 202 80:1f:02:70:8d:0b f8:d1:11:5b:42:5a
1361559605.536195 5994 336 80:1f:02:70:8d:0b f8:d1:11:5b:42:5a
1361559605.536375 5995 314 80:1f:02:70:8d:0b f8:d1:11:5b:42:5a
1361559605.536682 5997 314 80:1f:02:70:8d:0b f8:d1:11:5b:42:5a
1361559605.537297 5998 314 80:1f:02:70:8d:0b f8:d1:11:5b:42:5a
1361559605.537868 5999 314 80:1f:02:70:8d:0b f8:d1:11:5b:42:5a
1361559605.540601 6005 325 80:1f:02:70:8d:0b f8:d1:11:5b:42:5a
1361559605.540722 6006 222 80:1f:02:70:8d:0b f8:d1:11:5b:42:5a
1361559605.540985 6008 232 80:1f:02:70:8d:0b f8:d1:11:5b:42:5a
1361559605.542178 6010 14 00:00:0e:00:00:00 27:51:ff:47:08:00
1361559605.553098 6020 192 80:1f:02:70:8d:0b f8:d1:11:5b:42:5a
1361559605.554406 6023 202 80:1f:02:70:8d:0b f8:d1:11:5b:42:5a
1361559605.555722 6025 212 80:1f:02:70:8d:0b f8:d1:11:5b:42:5a
1361559605.556731 6029 14 35:b4:c6:12:0e:51 c4:c0:ce:fe:6a:22
1361559605.556970 6030 314 80:1f:02:70:8d:0b f8:d1:11:5b:42:5a
1361559605.558163 6034 325 80:1f:02:70:8d:0b f8:d1:11:5b:42:5a
1361559605.560024 6036 325 80:1f:02:70:8d:0b f8:d1:11:5b:42:5a
1361559605.560599 6039 325 80:1f:02:70:8d:0b f8:d1:11:5b:42:5a
1361559605.565375 6044 325 80:1f:02:70:8d:0b f8:d1:11:5b:42:5a
1361559605.566201 6048 336 80:1f:02:70:8d:0b f8:d1:11:5b:42:5a
1361559605.566429 6049 314 80:1f:02:70:8d:0b f8:d1:11:5b:42:5a
1361559605.566609 6050 325 80:1f:02:70:8d:0b f8:d1:11:5b:42:5a
1361559605.566815 6051 336 80:1f:02:70:8d:0b f8:d1:11:5b:42:5a
1361559605.566984 6052 314 80:1f:02:70:8d:0b f8:d1:11:5b:42:5a
1361559605.567324 6054 314 80:1f:02:70:8d:0b f8:d1:11:5b:42:5a
1361559605.567525 6055 325 80:1f:02:70:8d:0b f8:d1:11:5b:42:5a
1361559605.569083 6059 232 80:1f:02:70:8d:0b f8:d1:11:5b:42:5a
1361559605.581282 6069 192 80:1f:02:70:8d:0b f8:d1:11:5b:42:5a
1361559605.582468 6072 202 80:1f:02:70:8d:0b f8:d1:11:5b:42:5a
1361559605.584916 6077 314 80:1f:02:70:8d:0b f8:d1:11:5b:42:5a
1361559605.585454 6078 314 80:1f:02:70:8d:0b f8:d1:11:5b:42:5a
1361559605.586343 6079 314 80:1f:02:70:8d:0b f8:d1:11:5b:42:5a
1361559605.587815 6080 314 80:1f:02:70:8d:0b f8:d1:11:5b:42:5a
1361559605.590852 6086 325 80:1f:02:70:8d:0b f8:d1:11:5b:42:5a
1361559605.591065 6087 336 80:1f:02:70:8d:0b f8:d1:11:5b:42:5a
1361559605.591300 6088 314 80:1f:02:70:8d:0b f8:d1:11:5b:42:5a
1361559605.591469 6089 325 80:1f:02:70:8d:0b f8:d1:11:5b:42:5a
1361559605.591667 6090 336 80:1f:02:70:8d:0b f8:d1:11:5b:42:5a
1361559605.591997 6092 325 80:1f:02:70:8d:0b f8:d1:11:5b:42:5a
1361559605.592190 6093 336 80:1f:02:70:8d:0b f8:d1:11:5b:42:5a
1361559605.592809 6096 314 80:1f:02:70:8d:0b f8:d1:11:5b:42:5a
1361559605.593126 6097 314 80:1f:02:70:8d:0b f8:d1:11:5b:42:5a
1361559605.594292 6098 314 80:1f:02:70:8d:0b f8:d1:11:5b:42:5a
1361559605.597992 6105 325 80:1f:02:70:8d:0b f8:d1:11:5b:42:5a
1361559605.598201 6106 336 80:1f:02:70:8d:0b f8:d1:11:5b:42:5a
1361559605.598344 6107 222 80:1f:02:70:8d:0b f8:d1:11:5b:42:5a
1361559605.598477 6108 232 80:1f:02:70:8d:0b f8:d1:11:5b:42:5a
1361559605.598799 6110 325 80:1f:02:70:8d:0b f8:d1:11:5b:42:5a
1361559605.599436 6111 325 80:1f:02:70:8d:0b f8:d1:11:5b:42:5a
1361559605.607375 6114 14 01:b3:01:b3:35:c0 01:b3:01:b3:01:b3
1361559605.608581 6116 192 80:1f:02:70:8d:0b f8:d1:11:5b:42:5a
1361559605.609270 6117 192 80:1f:02:70:8d:0b f8:d1:11:5b:42:5a
1361559605.610309 6120 192 80:1f:02:70:8d:0b f8:d1:11:5b:42:5a
1361559605.610553 6122 202 80:1f:02:70:8d:0b f8:d1:11:5b:42:5a
1361559605.610810 6124 212 80:1f:02:70:8d:0b f8:d1:11:5b:42:5a
1361559605.612204 6127 314 80:1f:02:70:8d:0b f8:d1:11:5b:42:5a
1361559605.612910 6128 314 80:1f:02:70:8d:0b f8:d1:11:5b:42:5a
1361559605.615751 6131 325 80:1f:02:70:8d:0b f8:d1:11:5b:42:5a
1361559605.615931 6132 336 80:1f:02:70:8d:0b f8:d1:11:5b:42:5a
1361559605.616278 6134 336 80:1f:02:70:8d:0b f8:d1:11:5b:42:5a
1361559605.616552 6136 314 80:1f:02:70:8d:0b f8:d1:11:5b:42:5a
1361559605.617135 6139 325 80:1f:02:70:8d:0b f8:d1:11:5b:42:5a
1361559605.618364 6142 336 80:1f:02:70:8d:0b f8:d1:11:5b:42:5a
1361559605.618907 6143 336 80:1f:02:70:8d:0b f8:d1:11:5b:42:5a
1361559605.619661 6144 336 80:1f:02:70:8d:0b f8:d1:11:5b:42:5a
1361559605.620768 6145 336 80:1f:02:70:8d:0b f8:d1:11:5b:42:5a
1361559605.626097 6150 336 80:1f:02:70:8d:0b f8:d1:11:5b:42:5a
1361559605.626435 6152 314 80:1f:02:70:8d:0b f8:d1:11:5b:42:5a
1361559605.626822 6153 325 80:1f:02:70:8d:0b f8:d1:11:5b:42:5a
1361559605.626962 6154 222 80:1f:02:70:8d:0b f8:d1:11:5b:42:5a
1361559605.627089 6155 232 80:1f:02:70:8d:0b f8:d1:11:5b:42:5a
1361559605.627445 6157 314 80:1f:02:70:8d:0b f8:d1:11:5b:42:5a
1361559605.627620 6158 336 80:1f:02:70:8d:0b f8:d1:11:5b:42:5a
1361559605.627936 6160 314 80:1f:02:70:8d:0b f8:d1:11:5b:42:5a
1361559605.637527 6165 202 80:1f:02:70:8d:0b f8:d1:11:5b:42:5a
1361559605.638683 6168 212 80:1f:02:70:8d:0b f8:d1:11:5b:42:5a
1361559605.639026 6169 212 80:1f:02:70:8d:0b f8:d1:11:5b:42:5a
1361559605.641173 6172 325 80:1f:02:70:8d:0b f8:d1:11:5b:42:5a
1361559605.642540 6173 325 80:1f:02:70:8d:0b f8:d1:11:5b:42:5a
1361559605.647561 6179 325 80:1f:02:70:8d:0b f8:d1:11:5b:42:5a
1361559605.649419 6184 325 80:1f:02:70:8d:0b f8:d1:11:5b:42:5a
1361559605.649786 6185 325 80:1f:02:70:8d:0b f8:d1:11:5b:42:5a
1361559605.650380 6186 325 80:1f:02:70:8d:0b f8:d1:11:5b:42:5a
1361559605.657666 6192 325 80:1f:02:70:8d:0b f8:d1:11:5b:42:5a
1361559605.658706 6194 24 e0:f8:47:32:a6:2a f8:d1:11:5b:42:5a
1361559605.663949 6209 336 80:1f:02:70:8d:0b f8:d1:11:5b:42:5a
1361559605.664363 6210 336 80:1f:02:70:8d:0b f8:d1:11:5b:42:5a
1361559605.665483 6212 192 80:1f:02:70:8d:0b f8:d1:11:5b:42:5a
1361559605.665575 6213 202 80:1f:02:70:8d:0b f8:d1:11:5b:42:5a
1361559605.665765 6215 202 80:1f:02:70:8d:0b f8:d1:11:5b:42:5a
1361559605.666777 6217 212 80:1f:02:70:8d:0b f8:d1:11:5b:42:5a
1361559605.669351 6222 292 80:1f:02:70:8d:0b f8:d1:11:5b:42:5a
1361559605.670472 6224 303 80:1f:02:70:8d:0b f8:d1:11:5b:42:5a
1361559605.674364 6232 292 80:1f:02:70:8d:0b f8:d1:11:5b:42:5a
1361559605.674546 6233 303 80:1f:02:70:8d:0b f8:d1:11:5b:42:5a
1361559605.674846 6235 292 80:1f:02:70:8d:0b f8:d1:11:5b:42:5a
1361559605.676449 6239 292 80:1f:02:70:8d:0b f8:d1:11:5b:42:5a
1361559605.676797 6241 14 dd:5d:20:3f:35:c0 1b:26:93:0e:21:cc
1361559605.677048 6242 292 80:1f:02:70:8d:0b f8:d1:11:5b:42:5a
1361559605.677600 6243 292 80:1f:02:70:8d:0b f8:d1:11:5b:42:5a
1361559605.678369 6244 292 80:1f:02:70:8d:0b f8:d1:11:5b:42:5a
1361559605.680160 6247 366 4a:d7:82:bd:e2:c1 b3:61:61:98:ca:f7
1361559605.680473 6249 303 80:1f:02:70:8d:0b f8:d1:11:5b:42:5a
1361559605.684368 6251 210 60:c5:47:92:d0:46 ff:ff:ff:ff:ff:ff
1361559605.691741 6255 192 80:1f:02:70:8d:0b f8:d1:11:5b:42:5a
1361559605.692803 6257 202 80:1f:02:70:8d:0b f8:d1:11:5b:42:5a
1361559605.693998 6259 212 80:1f:02:70:8d:0b f8:d1:11:5b:42:5a
1361559605.699715 6266 292 80:1f:02:70:8d:0b f8:d1:11:5b:42:5a
1361559605.701836 6268 303 80:1f:02:70:8d:0b f8:d1:11:5b:42:5a
1361559605.703279 6272 292 80:1f:02:70:8d:0b f8:d1:11:5b:42:5a
1361559605.704456 6274 303 80:1f:02:70:8d:0b f8:d1:11:5b:42:5a
1361559605.704848 6275 303 80:1f:02:70:8d:0b f8:d1:11:5b:42:5a
1361559605.705622 6278 222 80:1f:02:70:8d:0b f8:d1:11:5b:42:5a
1361559605.706182 6279 222 80:1f:02:70:8d:0b f8:d1:11:5b:42:5a
1361559605.709903 6285 232 80:1f:02:70:8d:0b f8:d1:11:5b:42:5a
1361559605.710163 6286 232 80:1f:02:70:8d:0b f8:d1:11:5b:42:5a
1361559605.710423 6287 232 80:1f:02:70:8d:0b f8:d1:11:5b:42:5a
1361559605.710684 6288 232 80:1f:02:70:8d:0b f8:d1:11:5b:42:5a
1361559605.713259 6289 232 80:1f:02:70:8d:0b f8:d1:11:5b:42:5a
1361559605.719136 6296 192 80:1f:02:70:8d:0b f8:d1:11:5b:42:5a
1361559605.719707 6297 192 80:1f:02:70:8d:0b f8:d1:11:5b:42:5a
1361559605.720533 6299 192 80:1f:02:70:8d:0b f8:d1:11:5b:42:5a
1361559605.721203 6301 192 80:1f:02:70:8d:0b f8:d1:11:5b:42:5a
1361559605.722119 6304 192 80:1f:02:70:8d:0b f8:d1:11:5b:42:5a
1361559605.723519 6309 212 80:1f:02:70:8d:0b f8:d1:11:5b:42:5a
1361559605.725552 6314 303 80:1f:02:70:8d:0b f8:d1:11:5b:42:5a
1361559605.727604 6317 303 80:1f:02:70:8d:0b f8:d1:11:5b:42:5a
1361559605.733701 6322 303 80:1f:02:70:8d:0b f8:d1:11:5b:42:5a
1361559605.740965 6333 222 80:1f:02:70:8d:0b f8:d1:11:5b:42:5a
1361559605.745882 6338 1552 52:9a:dd:35:96:5a 5e:7f:38:8d:36:9b
1361559605.746784 6339 192 80:1f:02:70:8d:0b f8:d1:11:5b:42:5a
1361559605.748187 6340 192 80:1f:02:70:8d:0b f8:d1:11:5b:42:5a
1361559605.748504 6341 192 80:1f:02:70:8d:0b f8:d1:11:5b:42:5a
1361559605.749209 6344 192 80:1f:02:70:8d:0b f8:d1:11:5b:42:5a
1361559605.751065 6345 192 80:1f:02:70:8d:0b f8:d1:11:5b:42:5a
1361559605.752638 6351 303 80:1f:02:70:8d:0b f8:d1:11:5b:42:5a
1361559605.758160 6364 292 80:1f:02:70:8d:0b f8:d1:11:5b:42:5a
1361559605.758317 6365 303 80:1f:02:70:8d:0b f8:d1:11:5b:42:5a
1361559605.758551 6366 281 80:1f:02:70:8d:0b f8:d1:11:5b:42:5a
1361559605.758684 6367 292 80:1f:02:70:8d:0b f8:d1:11:5b:42:5a
1361559605.758971 6369 303 80:1f:02:70:8d:0b f8:d1:11:5b:42:5a
1361559605.759279 6371 303 80:1f:02:70:8d:0b f8:d1:11:5b:42:5a
1361559605.759575 6372 303 80:1f:02:70:8d:0b f8:d1:11:5b:42:5a
1361559605.760440 6374 222 80:1f:02:70:8d:0b f8:d1:11:5b:42:5a
1361559605.761672 6377 232 80:1f:02:70:8d:0b f8:d1:11:5b:42:5a
1361559605.762242 6378 232 80:1f:02:70:8d:0b f8:d1:11:5b:42:5a
1361559605.762973 6380 232 80:1f:02:70:8d:0b f8:d1:11:5b:42:5a
1361559605.763749 6382 232 80:1f:02:70:8d:0b f8:d1:11:5b:42:5a
1361559605.776943 6396 212 80:1f:02:70:8d:0b f8:d1:11:5b:42:5a
1361559605.777810 6399 14 7c:d7:7f:85:35:c0 27:51:ec:df:0b:00
1361559605.781505 6405 281 80:1f:02:70:8d:0b f8:d1:11:5b:42:5a
1361559605.782180 6407 420 60:61:83:bd:e2:c1 d7:b8:79:31:28:aa
1361559605.782402 6409 292 80:1f:02:70:8d:0b f8:d1:11:5b:42:5a
1361559605.782580 6410 303 80:1f:02:70:8d:0b f8:d1:11:5b:42:5a
1361559605.782890 6411 292 80:1f:02:70:8d:0b f8:d1:11:5b:42:5a
1361559605.783062 6412 303 80:1f:02:70:8d:0b f8:d1:11:5b:42:5a
1361559605.783371 6414 303 80:1f:02:70:8d:0b f8:d1:11:5b:42:5a
1361559605.783683 6416 292 80:1f:02:70:8d:0b f8:d1:11:5b:42:5a
1361559605.783852 6417 303 80:1f:02:70:8d:0b f8:d1:11:5b:42:5a
1361559605.784170 6419 303 80:1f:02:70:8d:0b f8:d1:11:5b:42:5a
1361559605.784826 6421 1552 39:91:e6:c3:fb:f2 ad:fd:33:91:49:4b
1361559605.785218 6423 14 f0:11:ff:0f:35:c0 27:51:42:fe:0b:00
1361559605.786211 6425 292 80:1f:02:70:8d:0b f8:d1:11:5b:42:5a
1361559605.787364 6428 303 80:1f:02:70:8d:0b f8:d1:11:5b:42:5a
1361559605.789836 6432 232 80:1f:02:70:8d:0b f8:d1:11:5b:42:5a
1361559605.798681 6436 14 01:b3:01:b3:35:c0 27:51:98:32:0c:00
1361559605.799918 6439 14 00:00:0e:00:00:00 27:51:c4:37:0c:00
1361559605.801926 6441 192 80:1f:02:70:8d:0b f8:d1:11:5b:42:5a
1361559605.803122 6444 202 80:1f:02:70:8d:0b f8:d1:71:55:64:5a
1361559605.804280 6446 212 80:1f:02:70:8d:0b f8:d1:11:5b:42:5a
1361559605.805893 6449 1304 71:da:14:0f:15:ef 29:59:b7:e7:c5:ef
1361559605.810311 6459 292 80:1f:02:70:8d:0b f8:d1:11:5b:42:5a
1361559605.810506 6460 303 80:1f:02:70:8d:0b f8:d1:11:5b:42:5a
1361559605.810688 6461 281 80:1f:02:70:8d:0b f8:d1:11:5b:42:5a
1361559605.810849 6462 292 80:1f:02:70:8d:0b f8:d1:11:5b:42:5a
1361559605.811469 6464 303 80:1f:02:70:8d:0b f8:d1:11:5b:42:5a
1361559605.814721 6471 292 80:1f:02:70:8d:0b f8:d1:11:5b:42:5a
1361559605.814995 6472 292 80:1f:02:70:8d:0b f8:d1:11:5b:42:5a
1361559605.815288 6473 292 80:1f:02:70:8d:0b f8:d1:11:5b:42:5a
1361559605.815588 6474 292 80:1f:02:70:8d:0b f8:d1:11:5b:42:5a
1361559605.818699 6475 292 80:1f:02:70:8d:0b f8:d1:11:5b:42:5a
1361559605.819793 6479 366 4a:d7:82:bd:e2:c1 b3:61:61:98:ca:f7
1361559605.825108 6485 14 27:51:30:9b:0c:00 01:b3:01:b3:01:b3
1361559605.826160 6486 14 00:00:80:00:00:00 27:51:4b:a7:0c:00
1361559605.829790 6489 192 80:1f:02:70:8d:0b f8:d1:11:5b:42:5a
1361559605.830393 6491 202 80:1f:02:70:8d:0b f8:d1:11:5b:42:5a
1361559605.831610 6494 212 80:1f:02:70:8d:0b f8:d1:11:5b:42:5a
1361559605.832214 6496 212 80:1f:02:70:8d:0b f8:d1:11:5b:42:5a
1361559605.834664 6497 212 80:1f:02:70:8d:0b f8:d1:11:5b:42:5a
1361559605.837040 6504 303 80:1f:02:70:8d:0b f8:d1:11:5b:42:5a
1361559605.837805 6506 292 80:1f:02:70:8d:0b f8:d1:11:5b:42:5a
1361559605.838308 6507 292 80:1f:02:70:8d:0b f8:d1:11:5b:42:5a
1361559605.838894 6508 292 80:1f:02:70:8d:0b f8:d1:11:5b:42:5a
1361559605.839945 6509 292 80:1f:02:70:8d:0b f8:d1:11:5b:42:5a
1361559605.845529 6515 292 80:1f:02:70:8d:0b f8:d1:11:5b:42:5a
1361559605.848135 6516 292 80:1f:02:70:8d:0b f8:d1:11:5b:42:5a
1361559605.848829 6520 303 80:1f:02:70:8d:0b f8:d1:11:5b:42:5a
1361559605.849012 6521 281 80:1f:02:70:8d:0b f8:d1:11:5b:42:5a
1361559605.849190 6522 292 80:1f:02:70:8d:0b f8:d1:11:5b:42:5a
1361559605.849382 6523 303 80:1f:02:70:8d:0b f8:d1:11:5b:42:5a
1361559605.849524 6524 222 80:1f:02:70:8d:0b f8:d1:11:5b:42:5a
1361559605.849662 6525 232 80:1f:02:70:8d:0b f8:d1:11:5b:42:5a
1361559605.849963 6527 281 80:1f:02:70:8d:0b f8:d1:11:5b:42:5a
1361559605.850101 6528 222 80:1f:02:70:8d:0b f8:d1:11:5b:42:5a
1361559605.850234 6529 232 80:1f:02:70:8d:0b f8:d1:11:5b:42:5a
1361559605.858316 6537 202 80:1f:02:70:8d:0b f8:d1:11:5b:42:5a
1361559605.859539 6539 212 80:1f:02:70:8d:0b f8:d1:11:5b:42:5a
1361559605.861958 6544 292 80:1f:02:70:8d:0b f8:d1:11:5b:42:5a
1361559605.862598 6545 292 80:1f:02:70:8d:0b f8:d1:11:5b:42:5a
1361559605.867806 6551 303 80:1f:02:70:8d:0b f8:d1:11:5b:42:5a
1361559605.867982 6552 281 80:1f:02:70:8d:0b f8:d1:11:5b:42:5a
1361559605.868165 6553 292 80:1f:02:70:8d:0b f8:d1:11:5b:42:5a
1361559605.868355 6554 303 80:1f:02:70:8d:0b f8:d1:11:5b:42:5a
1361559605.868519 6555 281 80:1f:02:70:8d:0b f8:d1:11:5b:42:5a
1361559605.869572 6561 292 80:1f:02:70:8d:0b f8:d1:11:5b:42:5a
1361559605.869880 6562 292 80:1f:02:70:8d:0b f8:d1:11:5b:42:5a
1361559605.875047 6563 292 80:1f:02:70:8d:0b f8:d1:11:5b:42:5a
1361559605.876112 6566 366 4a:d7:82:bd:e2:c1 b3:61:61:98:ca:f7
1361559605.876378 6568 222 80:1f:02:70:8d:0b f8:d1:11:5b:42:5a
1361559605.884948 6573 192 80:1f:02:70:8d:0b f8:d1:11:5b:42:5a
1361559605.886213 6575 202 80:1f:02:70:8d:0b f8:d1:11:5b:42:5a
1361559605.889543 6580 794 fd:99:4c:db:41:05 d4:0e:62:b3:4e:99
1361559605.890003 6581 292 80:1f:02:70:8d:0b f8:d1:11:5b:42:5a
1361559605.890837 6582 292 80:1f:02:70:8d:0b f8:d1:11:5b:42:5a
1361559605.891138 6584 303 80:1f:02:70:8d:0b f8:d1:11:5b:42:5a
1361559605.895586 6587 281 80:1f:02:70:8d:0b f8:d1:11:5b:42:5a
1361559605.895713 6588 292 80:1f:02:70:8d:0b f8:d1:11:5b:42:5a
1361559605.895923 6589 303 80:1f:02:70:8d:0b f8:d1:11:5b:42:5a
1361559605.896182 6591 292 80:1f:02:70:8d:0b f8:d1:11:5b:42:5a
1361559605.896335 6592 303 80:1f:02:70:8d:0b f8:d1:11:5b:42:5a
1361559605.897509 6598 292 80:1f:02:70:8d:0b f8:d1:11:5b:42:5a
1361559605.898478 6600 303 80:1f:02:70:8d:0b f8:d1:11:5b:42:5a
1361559605.899694 6602 222 80:1f:02:70:8d:0b f8:d1:11:5b:42:5a
1361559605.900836 6604 232 80:1f:02:70:8d:0b f8:d1:11:5b:42:5a
1361559605.901355 6605 232 80:1f:02:70:8d:0b f8:d1:11:5b:42:5a
1361559605.902228 6606 232 80:1f:02:70:8d:0b f8:d1:11:5b:42:5a
1361559605.902872 6607 232 80:1f:02:70:8d:0b f8:d1:11:5b:42:5a
1361559605.913983 6619 202 80:1f:02:70:8d:0b f8:d1:11:5b:42:5a
1361559605.915137 6621 212 80:1f:02:70:8d:0b f8:d1:11:5b:42:5a
1361559605.915635 6622 212 80:1f:02:70:8d:0b f8:d1:11:5b:42:5a
1361559605.916311 6623 212 80:1f:02:70:8d:0b f8:d1:11:5b:42:5a
1361559605.917494 6624 212 80:1f:02:70:8d:0b f8:d1:11:5b:42:5a
1361559605.918547 6630 303 80:1f:02:70:8d:0b f8:d1:11:5b:42:5a
1361559605.921286 6636 292 80:1f:02:70:8d:0b f8:d1:11:5b:42:5a
1361559605.922265 6638 303 80:1f:02:70:8d:0b f8:d1:11:5b:42:5a
1361559605.924619 6643 292 80:1f:02:70:8d:0b f8:d1:11:5b:42:5a
1361559605.925043 6644 292 80:1f:02:70:8d:0b f8:d1:11:5b:42:5a
1361559605.925802 6646 292 80:1f:02:70:8d:0b f8:d1:11:5b:42:5a
1361559605.927079 6647 292 80:1f:02:70:8d:0b f8:d1:11:5b:42:5a
1361559605.930836 6650 292 80:1f:02:70:8d:0b f8:d1:11:5b:42:5a
1361559605.932077 6653 222 80:1f:02:70:8d:0b f8:d1:11:5b:42:5a
1361559605.932332 6654 222 80:1f:02:70:8d:0b f8:d1:11:5b:42:5a
1361559605.940741 6657 192 80:1f:02:70:8d:0b f8:d1:11:5b:42:5a
1361559605.941232 6658 192 80:1f:02:70:8d:0b f8:d1:11:5b:42:5a
1361559605.941614 6659 192 80:1f:02:70:8d:0b f8:d1:11:5b:42:5a
1361559605.945407 6661 292 80:1f:02:70:8d:0b f8:d1:11:5b:42:5a
1361559605.946597 6663 303 80:1f:02:70:8d:0b f8:d1:11:5b:42:5a
1361559605.947260 6664 303 80:1f:02:70:8d:0b f8:d1:11:5b:42:5a
1361559605.947774 6665 303 80:1f:02:70:8d:0b f8:d1:11:5b:42:5a
1361559605.948925 6666 303 80:1f:02:70:8d:0b f8:d1:11:5b:42:5a
1361559605.953718 6671 303 80:1f:02:70:8d:0b f8:d1:11:5b:42:5a
1361559605.954470 6675 281 80:1f:02:70:8d:0b f8:d1:11:5b:42:5a
1361559605.954660 6676 292 80:1f:02:70:8d:0b f8:d1:11:5b:42:5a
1361559605.954846 6677 303 80:1f:02:70:8d:0b f8:d1:11:5b:42:5a
1361559605.955027 6678 281 80:1f:02:70:8d:0b f8:d1:11:5b:42:5a
1361559605.955204 6679 292 80:1f:02:70:8d:0b f8:d1:11:5b:42:5a
1361559605.955372 6680 303 80:1f:02:70:8d:0b f8:d1:11:5b:42:5a
1361559605.957289 6686 281 80:1f:02:70:8d:0b f8:d1:11:5b:42:5a
1361559605.960809 6689 281 80:1f:02:70:8d:0b f8:d1:11:5b:42:5a
1361559605.968144 6698 192 80:1f:02:70:8d:0b f8:d1:11:5b:42:5a
1361559605.969302 6702 202 80:1f:02:70:8d:0b f8:d1:11:5b:42:5a
1361559605.976375 6709 292 80:1f:02:70:8d:0b f8:d1:11:5b:42:5a
1361559605.978213 6714 303 80:1f:02:70:8d:0b f8:d1:11:5b:42:5a
1361559605.978852 6716 303 80:1f:02:70:8d:0b f8:d1:11:5b:42:5a
1361559605.981702 6717 14 91:94:04:41:07:70 8c:94:3a:af:27:31
1361559605.982066 6718 303 80:1f:02:70:8d:0b f8:d1:11:5b:42:5a
1361559605.985735 6721 303 80:1f:02:70:8d:0b f8:d1:11:5b:42:5a
1361559605.986608 6725 285 f7:9f:2e:88:71:0c 4a:c6:05:56:a8:c4
1361559605.986843 6727 281 80:1f:02:70:8d:0b f8:d1:11:5b:42:5a
1361559605.986965 6728 292 80:1f:02:70:8d:0b f8:d1:11:5b:42:5a
1361559605.987221 6729 281 80:1f:02:70:8d:0b f8:d1:11:5b:42:5a
1361559605.987334 6730 292 80:1f:02:70:8d:0b f8:d1:11:5b:42:5a
1361559605.987574 6731 281 80:1f:02:70:8d:0b f8:d1:11:5b:42:5a
1361559605.987687 6732 292 80:1f:02:70:8d:0b f8:d1:11:5b:42:5a
1361559605.988399 6735 222 80:1f:02:70:8d:0b f8:d1:11:5b:42:5a
1361559605.988474 6736 232 80:1f:02:70:8d:0b f8:d1:11:5b:42:5a
1361559605.988705 6737 222 80:1f:02:70:8d:0b f8:d1:11:5b:42:5a
1361559605.989058 6739 222 80:1f:02:70:8d:0b f8:d1:11:5b:42:5a
1361559605.989097 6740 232 55:7a:8f:7c:8d:db dd:a2:35:5b:42:5a
1361559605.989522 6742 1552 f1:df:e6:88:53:ab b0:d5:91:f5:6f:ea
1361559605.990372 6744 222 80:1f:02:70:8d:0b f8:d1:11:5b:42:5a
1361559605.994923 6756 192 80:1f:02:70:8d:0b f8:d1:11:5b:42:5a
1361559605.995431 6757 192 80:1f:02:70:8d:0b f8:d1:11:5b:42:5a
1361559605.995838 6758 192 80:1f:02:70:8d:0b f8:d1:11:5b:42:5a
1361559605.996588 6759 192 80:1f:02:70:8d:0b f8:d1:11:5b:42:5a
1361559606.3189 6763 192 80:1f:02:70:8d:0b f8:d1:11:5b:42:5a
1361559606.3358 6765 202 80:1f:02:70:8d:0b f8:d1:11:5b:42:5a
1361559606.3523 6766 212 80:1f:02:70:8d:0b f8:d1:11:5b:42:5a
1361559606.3671 6767 281 80:1f:02:70:8d:0b f8:d1:11:5b:42:5a
1361559606.3847 6768 292 80:1f:02:70:8d:0b f8:d1:11:5b:42:5a
1361559606.4047 6769 303 80:1f:02:70:8d:0b f8:d1:11:5b:42:5a
1361559606.4203 6770 281 80:1f:02:70:8d:0b f8:d1:11:5b:42:5a
1361559606.4459 6772 202 80:1f:02:70:8d:0b f8:d1:11:5b:42:5a
1361559606.4653 6773 292 80:1f:02:70:8d:0b f8:d1:11:5b:42:5a
1361559606.4805 6774 281 80:1f:02:70:8d:0b f8:d1:11:5b:42:5a
1361559606.5409 6778 292 80:1f:02:70:8d:0b f8:d1:11:5b:42:5a
1361559606.5623 6779 303 80:1f:02:70:8d:0b f8:d1:11:5b:42:5a
1361559606.10911 6792 292 80:1f:02:70:8d:0b f8:d1:11:5b:42:5a
1361559606.11092 6793 303 80:1f:02:70:8d:0b f8:d1:11:5b:42:5a
1361559606.11236 6794 222 80:1f:02:70:8d:0b f8:d1:11:5b:42:5a
1361559606.11361 6795 232 80:1f:02:70:8d:0b f8:d1:11:5b:42:5a
1361559606.11677 6797 292 80:1f:02:70:8d:0b f8:d1:11:5b:42:5a
1361559606.11855 6798 303 80:1f:02:70:8d:0b f8:d1:11:5b:42:5a
1361559606.12170 6800 303 80:1f:02:70:8d:0b f8:d1:11:5b:42:5a
1361559606.16794 6803 14 f0:ae:fc:a5:36:c0 27:51:1f:46:00:00
1361559606.19165 6805 374 75:df:c5:5a:7e:41 c3:5c:7f:5c:db:f8
1361559606.22679 6808 192 80:1f:02:70:8d:0b f8:d1:11:5b:42:5a
1361559606.25083 6811 212 80:1f:02:70:8d:0b f8:d1:11:5b:42:5a
1361559606.25839 6814 1552 a7:65:28:54:46:02 3b:02:b2:11:df:8f
1361559606.30480 6827 14 27:51:02:7a:00:00 6e:eb:ac:29:de:db
1361559606.31754 6830 281 80:1f:02:70:8d:0b f8:d1:11:5b:42:5a
1361559606.32839 6834 303 80:1f:02:70:8d:0b f8:d1:11:5b:42:5a
1361559606.33119 6835 303 80:1f:02:70:8d:0b f8:d1:11:5b:42:5a
1361559606.34737 6839 292 80:1f:02:70:8d:0b f8:d1:11:5b:42:5a
1361559606.37142 6843 222 80:1f:02:70:8d:0b f8:d1:11:5b:42:5a
1361559606.37723 6845 222 80:1f:02:70:8d:0b f8:d1:11:5b:42:5a
1361559606.38472 6846 222 80:1f:02:70:8d:0b f8:d1:11:5b:42:5a
1361559606.38836 6847 222 80:1f:02:70:8d:0b f8:d1:11:5b:42:5a
1361559606.40903 6852 232 80:1f:02:70:8d:0b f8:d1:11:5b:42:5a
1361559606.48102 6858 1552 b3:6a:65:53:f2:7d 0c:bd:c4:7c:79:c2
1361559606.49268 6859 1552 12:24:85:29:1f:12 b7:e9:67:43:31:30
1361559606.51164 6862 202 80:1f:02:70:8d:0b f8:d1:11:5b:42:5a
1361559606.51627 6863 202 80:1f:02:70:8d:0b f8:d1:11:5b:42:5a
1361559606.52404 6864 202 80:1f:02:70:8d:0b f8:d1:11:5b:42:5a
1361559606.52908 6865 202 80:1f:02:70:8d:0b f8:d1:11:5b:42:5a
1361559606.54931 6872 292 80:1f:02:70:8d:0b f8:d1:11:5b:42:5a
1361559606.58147 6877 303 80:1f:02:70:8d:0b f8:d1:11:5b:42:5a
1361559606.59518 6880 303 80:1f:02:70:8d:0b f8:d1:11:5b:42:5a
1361559606.59807 6882 281 80:1f:02:70:8d:0b f8:d1:11:5b:42:5a
1361559606.59977 6883 292 80:1f:02:70:8d:0b f8:d1:11:5b:42:5a
1361559606.60177 6884 303 80:1f:02:70:8d:0b f8:d1:11:5b:42:5a
1361559606.60483 6886 303 80:1f:02:70:8d:0b f8:d1:11:5b:42:5a
1361559606.61318 6890 1552 bc:2d:da:2a:24:eb d5:72:80:b7:7b:6a
1361559606.62378 6894 292 80:1f:02:70:8d:0b f8:d1:11:5b:42:5a
1361559606.63293 6896 303 80:1f:02:70:8d:0b f8:d1:11:5b:42:5a
1361559606.64393 6898 222 80:1f:02:70:8d:0b f8:d1:11:5b:42:5a
1361559606.76678 6908 192 80:1f:02:70:8d:0b f8:d1:11:5b:42:5a
1361559606.77055 6909 192 80:1f:02:70:8d:0b f8:d1:11:5b:42:5a
1361559606.77429 6910 192 80:1f:02:70:8d:0b f8:d1:11:5b:42:5a
1361559606.77773 6911 1552 55:52:0c:6d:9e:e6 a1:cb:bd:a0:b7:ce
1361559606.78645 6912 192 80:1f:02:70:8d:0b f8:d1:11:5b:42:5a
1361559606.78888 6914 202 80:1f:02:70:8d:0b f8:d1:11:5b:42:5a
1361559606.79106 6915 202 80:1f:02:70:8d:0b f8:d1:11:5b:42:5a
1361559606.79347 6916 202 80:1f:02:70:8d:0b f8:d1:11:5b:42:5a
1361559606.79599 6917 202 80:1f:02:70:8d:0b f8:d1:11:5b:42:5a
1361559606.81918 6919 202 80:1f:02:70:8d:0b f8:d1:11:5b:42:5a
1361559606.84686 6923 212 80:1f:02:70:8d:0b f8:d1:11:5b:42:5a
1361559606.84879 6924 281 80:1f:02:70:8d:0b f8:d1:11:5b:42:5a
1361559606.85053 6925 292 80:1f:02:70:8d:0b f8:d1:11:5b:42:5a
1361559606.85207 6926 303 80:1f:02:70:8d:0b f8:d1:11:5b:42:5a
1361559606.85363 6927 281 80:1f:02:70:8d:0b f8:d1:11:5b:42:5a
1361559606.85680 6929 303 80:1f:02:70:8d:0b f8:d1:11:5b:42:5a
1361559606.87106 6931 292 80:1f:02:70:8d:0b f8:d1:11:5b:42:5a
1361559606.87291 6932 303 80:1f:02:70:8d:0b f8:d1:11:5b:42:5a
1361559606.88567 6937 14 27:51:e1:5a:01:00 86:bb:77:ab:ee:59
1361559606.89943 6939 303 80:1f:02:70:8d:0b f8:d1:11:5b:42:5a
1361559606.91081 6941 222 80:1f:02:70:8d:0b f8:d1:11:5b:42:5a
1361559606.92353 6944 232 80:1f:02:70:8d:0b f8:d1:11:5b:42:5a
1361559606.93104 6946 14 27:51:e1:5a:01:00 ba:2d:89:44:71:cd
1361559606.104700 6954 192 80:1f:02:70:8d:0b f8:d1:11:5b:42:5a
1361559606.105098 6955 192 80:1f:02:70:8d:0b f8:d1:11:5b:42:5a
1361559606.105560 6956 192 80:1f:02:70:8d:0b f8:d1:11:5b:42:5a
1361559606.105985 6957 192 80:1f:02:70:8d:0b f8:d1:11:5b:42:5a
1361559606.108428 6962 192 80:1f:02:70:8d:0b f8:d1:11:5b:42:5a
1361559606.109220 6966 202 80:1f:02:70:8d:0b f8:d1:11:5b:42:5a
1361559606.109754 6968 292 80:1f:02:70:8d:0b f8:d1:11:5b:42:5a
1361559606.113328 6975 292 80:1f:02:70:8d:0b f8:d1:11:5b:42:5a
1361559606.114672 6978 303 80:1f:02:70:8d:0b f8:d1:11:5b:42:5a
1361559606.118814 6988 292 80:1f:02:70:8d:0b f8:d1:11:5b:42:5a
1361559606.118988 6989 303 80:1f:02:70:8d:0b f8:d1:11:5b:42:5a
1361559606.119245 6991 222 80:1f:02:70:8d:0b f8:d1:11:5b:42:5a
1361559606.120364 6993 232 80:1f:02:70:8d:0b f8:d1:11:5b:42:5a
1361559606.120782 6994 232 80:1f:02:70:8d:0b f8:d1:11:5b:42:5a
1361559606.122499 6996 232 80:1f:02:70:8d:0b f8:d1:11:5b:42:5a
1361559606.132624 7006 192 80:1f:02:70:8d:0b f8:d1:11:5b:42:5a
1361559606.133821 7008 202 80:1f:02:70:8d:0b f8:d1:11:5b:42:5a
1361559606.135173 7010 212 80:1f:02:70:8d:0b f8:d1:11:5b:42:5a
1361559606.136986 7015 1552 33:92:4f:80:de:3d fb:12:be:df:6e:68
1361559606.137420 7017 1304 2a:7e:8e:60:2d:ac f8:96:2d:bf:db:b0
1361559606.138122 7019 292 80:1f:02:70:8d:0b f8:d1:11:5b:42:5a
1361559606.143925 7022 292 80:1f:02:70:8d:0b f8:d1:11:5b:42:5a
1361559606.144811 7024 303 80:1f:02:70:8d:0b f8:d1:11:5b:42:5a
1361559606.144957 7025 281 80:1f:02:70:8d:0b f8:d1:11:5b:42:5a
1361559606.145133 7026 292 80:1f:02:70:8d:0b f8:d1:11:5b:42:5a
1361559606.145319 7027 303 80:1f:02:70:8d:0b f8:d1:11:5b:42:5a
1361559606.145475 7028 281 80:1f:02:70:8d:0b f8:d1:11:5b:42:5a
1361559606.146846 7029 303 80:1f:02:70:8d:0b f8:d1:11:5b:42:5a
1361559606.147025 7030 281 80:1f:02:70:8d:0b f8:d1:11:5b:42:5a
1361559606.147246 7031 292 80:1f:02:70:8d:0b f8:d1:11:5b:42:5a
1361559606.147392 7032 303 80:1f:02:70:8d:0b f8:d1:11:5b:42:5a
1361559606.147550 7033 281 80:1f:02:70:8d:0b f8:d1:11:5b:42:5a
1361559606.150740 7035 292 80:1f:02:70:8d:0b f8:d1:11:5b:42:5a
1361559606.150925 7036 303 80:1f:02:70:8d:0b f8:d1:11:5b:42:5a
1361559606.151069 7037 222 80:1f:02:70:8d:0b f8:d1:11:5b:42:5a
1361559606.151239 7038 232 80:1f:02:70:8d:0b f8:d1:11:5b:42:5a
1361559606.153054 7041 1552 47:f6:2b:c6:3e:b6 96:bb:fc:30:cc:f8
1361559606.153536 7043 1550 c5:3a:03:ad:3b:f8 4e:4f:99:86:af:b2
1361559606.161042 7052 192 80:1f:02:70:8d:0b f8:d1:11:5b:42:5a
1361559606.162300 7054 202 80:1f:02:70:8d:0b f8:d1:11:5b:42:5a
1361559606.163556 7056 212 80:1f:02:70:8d:0b f8:d1:11:5b:42:5a
1361559606.166042 7062 292 80:1f:02:70:8d:0b f8:d1:11:5b:42:5a
1361559606.167297 7065 303 80:1f:02:70:8d:0b f8:d1:11:5b:42:5a
1361559606.167675 7067 14 00:00:0e:00:00:00 27:51:1a:92:02:00
1361559606.171430 7071 303 80:1f:02:70:8d:0b f8:d1:11:5b:42:5a
1361559606.171994 7072 303 80:1f:02:70:8d:0b f8:d1:11:5b:42:5a
1361559606.175044 7081 281 80:1f:02:70:8d:0b f8:d1:11:5b:42:5a
1361559606.175206 7082 292 80:1f:02:70:8d:0b f8:d1:11:5b:42:5a
1361559606.175424 7083 303 80:1f:02:70:8d:0b f8:d1:11:5b:42:5a
1361559606.175651 7085 222 80:1f:02:70:8d:0b f8:d1:11:5b:42:5a
1361559606.176798 7087 232 80:1f:02:70:8d:0b f8:d1:11:5b:42:5a
1361559606.192009 7095 202 80:1f:02:70:8d:0b f8:d1:11:5b:42:5a
1361559606.196366 7099 202 80:1f:02:70:8d:0b f8:d1:11:5b:42:5a
1361559606.196927 7101 212 80:1f:02:70:8d:0b f8:d1:11:5b:42:5a
1361559606.196994 7102 281 80:1f:02:70:8d:0b f8:d1:11:5b:42:5a
1361559606.197131 7103 292 80:1f:02:70:8d:0b f8:d1:11:5b:42:5a
1361559606.197353 7104 303 80:1f:02:70:8d:0b f8:d1:11:5b:42:5a
1361559606.197535 7105 281 80:1f:02:70:8d:0b f8:d1:11:5b:42:5a
1361559606.198156 7109 292 80:1f:02:70:8d:0b f8:d1:11:5b:42:5a
1361559606.198470 7110 292 80:1f:02:70:8d:0b f8:d1:11:5b:42:5a
1361559606.198777 7112 303 80:1f:02:70:8d:0b f8:d1:11:5b:42:5a
1361559606.200994 7116 292 80:1f:02:70:8d:0b f8:d1:11:5b:42:5a
1361559606.202242 7118 303 80:1f:02:70:8d:0b f8:d1:11:5b:42:5a
1361559606.203364 7120 222 80:1f:02:70:8d:0b f8:d1:11:5b:42:5a
1361559606.216586 7130 192 80:1f:02:70:8d:0b f8:d1:11:5b:42:5a
1361559606.217872 7132 202 80:1f:02:70:8d:0b f8:d1:11:5b:42:5a
1361559606.219172 7134 212 80:1f:02:70:8d:0b f8:d1:11:5b:42:5a
1361559606.220353 7136 314 80:1f:02:70:8d:0b f8:d1:11:5b:42:5a
1361559606.220984 7137 314 80:1f:02:70:8d:0b f8:d1:11:5b:42:5a
1361559606.221800 7138 314 80:1f:02:70:8d:0b f8:d1:11:5b:42:5a
1361559606.223650 7139 314 80:1f:02:70:8d:0b f8:d1:11:5b:42:5a
1361559606.228208 7143 314 80:1f:02:70:8d:0b f8:d1:11:5b:42:5a
1361559606.228953 7146 325 80:1f:02:70:8d:0b f8:d1:11:5b:42:5a
1361559606.229177 7147 336 80:1f:02:70:8d:0b f8:d1:11:5b:42:5a
1361559606.229361 7148 314 80:1f:02:70:8d:0b f8:d1:11:5b:42:5a
1361559606.229568 7149 325 80:1f:02:70:8d:0b f8:d1:11:5b:42:5a
1361559606.229766 7150 336 80:1f:02:70:8d:0b f8:d1:11:5b:42:5a
1361559606.230814 7154 325 80:1f:02:70:8d:0b f8:d1:11:5b:42:5a
1361559606.231059 7156 222 80:1f:02:70:8d:0b f8:d1:11:5b:42:5a
1361559606.232153 7158 232 80:1f:02:70:8d:0b f8:d1:11:5b:42:5a
1361559606.244170 7170 192 80:1f:02:70:8d:0b f8:d1:11:5b:42:5a
1361559606.245401 7172 202 80:1f:02:70:8d:0b f8:d1:11:5b:42:5a
1361559606.246664 7175 212 80:1f:02:70:8d:0b f8:d1:11:5b:42:5a
1361559606.248187 7176 314 80:1f:02:70:8d:0b f8:d1:11:5b:42:5a
1361559606.248710 7177 314 80:1f:02:70:8d:0b f8:d1:11:5b:42:5a
1361559606.249371 7178 314 80:1f:02:70:8d:0b f8:d1:11:5b:42:5a
1361559606.249838 7179 314 80:1f:02:70:8d:0b f8:d1:11:5b:42:5a
1361559606.255438 7184 325 80:1f:02:70:8d:0b f8:d1:11:5b:42:5a
1361559606.255685 7185 336 80:1f:02:70:8d:0b f8:d1:11:5b:42:5a
1361559606.255766 7186 314 80:1f:02:70:8d:0b f8:d1:11:5b:42:5a
1361559606.255991 7187 325 80:1f:02:70:8d:0b f8:d1:11:5b:42:5a
1361559606.256166 7188 336 80:1f:02:70:8d:0b f8:d1:11:5b:42:5a
1361559606.256471 7190 314 80:1f:02:70:8d:0b f8:d1:11:5b:42:5a
1361559606.256774 7192 325 80:1f:02:70:8d:0b f8:d1:11:5b:42:5a
1361559606.257978 7194 336 80:1f:02:70:8d:0b f8:d1:11:5b:42:5a
1361559606.258215 7196 14 00:00:0e:00:00:00 27:51:85:f2:03:00
1361559606.259076 7198 222 80:1f:02:70:8d:0b f8:d1:11:5b:42:5a
1361559606.259599 7199 222 80:1f:02:70:8d:0b f8:d1:11:5b:42:5a
1361559606.260410 7200 222 80:1f:02:70:8d:0b f8:d1:11:5b:42:5a
1361559606.261056 7201 222 80:1f:02:70:8d:0b f8:d1:11:5b:42:5a
1361559606.261298 7203 232 80:1f:02:70:8d:0b f8:d1:11:5b:42:5a
1361559606.261807 7204 232 80:1f:02:70:8d:0b f8:d1:11:5b:42:5a
1361559606.268719 7215 14 01:b3:01:b3:36:c0 27:51:7a:1b:04:00
1361559606.271800 7219 14 27:51:ca:28:04:00 cd:e5:bb:bb:f1:69
1361559606.272586 7220 192 80:1f:02:70:8d:0b f8:d1:11:5b:42:5a
1361559606.276128 7222 202 80:1f:02:70:8d:0b f8:d1:11:5b:42:5a
1361559606.278205 7227 212 80:1f:02:70:8d:0b f8:d1:11:5b:42:5a
1361559606.278389 7228 314 80:1f:02:70:8d:0b f8:d1:11:5b:42:5a
1361559606.278564 7229 325 80:1f:02:70:8d:0b f8:d1:11:5b:42:5a
1361559606.278874 7231 325 80:1f:02:70:8d:0b f8:d1:11:5b:42:5a
1361559606.279189 7233 336 80:1f:02:70:8d:0b f8:d1:11:5b:42:5a
1361559606.279492 7235 314 80:1f:02:70:8d:0b f8:d1:11:5b:42:5a
1361559606.283273 7240 314 80:1f:02:70:8d:0b f8:d1:11:5b:42:5a
1361559606.285929 7242 314 80:1f:02:70:8d:0b f8:d1:11:5b:42:5a
1361559606.292654 7244 314 80:1f:02:70:8d:0b f8:d1:11:5b:42:5a
1361559606.293374 7246 325 80:1f:02:70:8d:0b f8:d1:11:5b:42:5a
1361559606.293497 7247 336 80:1f:02:70:8d:0b f8:d1:11:5b:42:5a
1361559606.293578 7248 222 80:1f:02:70:8d:0b f8:d1:11:5b:42:5a
1361559606.293978 7250 336 80:1f:02:70:8d:0b f8:d1:11:5b:42:5a
1361559606.294378 7251 336 80:1f:02:70:8d:0b f8:d1:11:5b:42:5a
1361559606.294950 7254 325 80:1f:02:70:8d:0b f8:d1:11:5b:42:5a
1361559606.299971 7256 192 80:1f:02:70:8d:0b f8:d1:11:5b:42:5a
1361559606.300495 7257 192 80:1f:02:70:8d:0b f8:d1:11:5b:42:5a
1361559606.300846 7258 192 80:1f:02:70:8d:0b f8:d1:11:5b:42:5a
1361559606.303472 7259 192 80:1f:02:70:8d:0b f8:d1:11:5b:42:5a
1361559606.308451 7262 314 80:1f:02:70:8d:0b f8:d1:11:5b:42:5a
1361559606.309106 7264 325 80:1f:02:70:8d:0b f8:d1:11:5b:42:5a
1361559606.309848 7266 336 80:1f:02:70:8d:0b f8:d1:11:5b:42:5a
1361559606.310499 7267 336 80:1f:02:70:8d:0b f8:d1:11:5b:42:5a
1361559606.311695 7268 336 80:1f:02:70:8d:0b f8:d1:11:5b:42:5a
1361559606.330340 7280 336 80:1f:02:70:8d:0b f8:d1:11:5b:42:5a
1361559606.332318 7283 212 80:1f:02:70:8d:0b f8:d1:11:5b:42:5a
1361559606.332502 7284 314 80:1f:02:70:8d:0b f8:d1:11:5b:42:5a
1361559606.332816 7286 325 80:1f:02:70:8d:0b f8:d1:11:5b:42:5a
1361559606.333849 7288 336 80:1f:02:70:8d:0b f8:d1:71:55:64:5a
1361559606.335013 7290 314 80:1f:02:70:8d:0b f8:d1:11:5b:42:5a
1361559606.335436 7291 314 80:1f:02:70:8d:0b f8:d1:11:5b:42:5a
1361559606.336253 7292 314 80:1f:02:70:8d:0b f8:d1:11:5b:42:5a
1361559606.337685 7293 314 80:1f:02:70:8d:0b f8:d1:11:5b:42:5a
1361559606.339301 7298 325 80:1f:02:70:8d:0b f8:d1:11:5b:42:5a
1361559606.339489 7299 336 80:1f:02:70:8d:0b f8:d1:11:5b:42:5a
1361559606.339674 7300 314 80:1f:02:70:8d:0b f8:d1:11:5b:42:5a
1361559606.339985 7302 325 80:1f:02:70:8d:0b f8:d1:11:5b:42:5a
1361559606.341054 7304 336 80:1f:02:70:8d:0b f8:d1:11:5b:42:5a
1361559606.342157 7309 222 80:1f:02:70:8d:0b f8:d1:11:5b:42:5a
1361559606.345814 7314 232 80:1f:02:70:8d:0b f8:d1:11:5b:42:5a
1361559606.347236 7316 14 75:5b:d6:ee:d4:dc b4:f1:c1:3a:47:00
1361559606.355134 7320 192 80:1f:02:70:8d:0b f8:d1:11:5b:42:5a
1361559606.355378 7321 192 80:1f:02:70:8d:0b f8:d1:11:5b:42:5a
1361559606.355769 7322 14 b4:f1:c1:3a:47:00 43:0d:fc:bf:0d:19
1361559606.357492 7323 192 80:1f:02:70:8d:0b f8:d1:11:5b:42:5a
1361559606.358246 7324 14 00:00:14:00:00:00 27:51:45:7d:05:00
1361559606.360075 7327 192 80:1f:02:70:8d:0b f8:d1:11:5b:42:5a
1361559606.360343 7329 202 80:1f:02:70:8d:0b f8:d1:11:5b:42:5a
1361559606.360457 7330 212 80:1f:02:70:8d:0b f8:d1:11:5b:42:5a
1361559606.360674 7331 314 80:1f:02:70:8d:0b f8:d1:11:5b:42:5a
1361559606.360884 7332 325 80:1f:02:70:8d:0b f8:d1:11:5b:42:5a
1361559606.361182 7334 336 80:1f:02:70:8d:0b f8:d1:11:5b:42:5a
1361559606.361885 7337 14 6c:56:49:9e:36:c0 c3:e2:12:ba:ba:d8
1361559606.362246 7338 314 80:1f:02:70:8d:0b f8:d1:11:5b:42:5a
1361559606.363539 7341 325 80:1f:02:70:8d:0b f8:d1:11:5b:42:5a
1361559606.364702 7343 336 80:1f:02:70:8d:0b f8:d1:11:5b:42:5a
1361559606.365860 7345 314 80:1f:02:70:8d:0b f8:d1:11:5b:42:5a
1361559606.366510 7346 314 80:1f:02:70:8d:0b f8:d1:11:5b:42:5a
1361559606.367451 7347 314 80:1f:02:70:8d:0b f8:d1:11:5b:42:5a
1361559606.367715 7349 325 80:1f:02:70:8d:0b f8:d1:11:5b:42:5a
1361559606.368047 7350 325 80:1f:02:70:8d:0b f8:d1:11:5b:42:5a
1361559606.368357 7351 325 80:1f:02:70:8d:0b f8:d1:11:5b:42:5a
1361559606.368687 7353 336 80:1f:02:70:8d:0b f8:d1:11:5b:42:5a
1361559606.369486 7355 222 80:1f:02:70:8d:0b f8:d1:11:5b:42:5a
1361559606.370688 7357 232 80:1f:02:70:8d:0b f8:d1:11:5b:42:5a
1361559606.381937 7362 192 80:1f:02:70:8d:0b f8:d1:11:5b:42:5a
1361559606.384228 7365 212 80:1f:02:70:8d:0b f8:d1:11:5b:42:5a
1361559606.385480 7367 314 80:1f:02:70:8d:0b f8:d1:11:5b:42:5a
1361559606.386017 7368 314 80:1f:02:70:8d:0b f8:d1:11:5b:42:5a
1361559606.386931 7369 314 80:1f:02:70:8d:0b f8:d1:11:5b:42:5a
1361559606.387896 7370 314 80:1f:02:70:8d:0b f8:d1:11:5b:42:5a
1361559606.395432 7374 314 80:1f:02:70:8d:0b f8:d1:11:5b:42:5a
1361559606.398075 7379 314 80:1f:02:70:8d:0b f8:d1:11:5b:42:5a
1361559606.398240 7380 325 80:1f:02:70:8d:0b f8:d1:11:5b:42:5a
1361559606.398441 7381 336 80:1f:02:70:8d:0b f8:d1:11:5b:42:5a
1361559606.398595 7382 222 80:1f:02:70:8d:0b f8:d1:11:5b:42:5a
1361559606.398711 7383 232 80:1f:02:70:8d:0b f8:d1:11:5b:42:5a
1361559606.399053 7385 336 80:1f:02:70:8d:0b f8:d1:11:5b:42:5a
1361559606.400067 7386 336 80:1f:02:70:8d:0b f8:d1:11:5b:42:5a
1361559606.405271 7389 14 00:00:14:00:00:00 27:51:79:31:06:00
1361559606.409066 7394 336 80:1f:02:70:8d:0b f8:d1:11:5b:42:5a
1361559606.413246 7395 336 80:1f:02:70:8d:0b f8:d1:11:5b:42:5a
1361559606.421050 7398 336 80:1f:02:70:8d:0b f8:d1:11:5b:42:5a
1361559606.422971 7404 212 80:1f:02:70:8d:0b f8:d1:11:5b:42:5a
1361559606.423181 7405 314 80:1f:02:70:8d:0b f8:d1:11:5b:42:5a
1361559606.423375 7406 325 80:1f:02:70:8d:0b f8:d1:11:5b:42:5a
1361559606.423582 7407 336 80:1f:02:70:8d:0b f8:d1:11:5b:42:5a
1361559606.423774 7408 314 80:1f:02:70:8d:0b f8:d1:11:5b:42:5a
1361559606.424056 7409 212 80:1f:02:70:8d:0b f8:d1:11:5b:42:5a
1361559606.424241 7410 314 80:1f:02:70:8d:0b f8:d1:11:5b:42:5a
1361559606.424445 7411 325 80:1f:02:70:8d:0b f8:d1:11:5b:42:5a
1361559606.425503 7412 336 80:1f:02:70:8d:0b f8:d1:11:5b:42:5a
1361559606.425512 7413 314 80:1f:02:70:8d:0b f8:d1:11:5b:42:5a
1361559606.426664 7417 212 80:1f:02:70:8d:0b f8:d1:11:5b:42:5a
1361559606.426857 7418 314 80:1f:02:70:8d:0b f8:d1:11:5b:42:5a
1361559606.427067 7419 325 80:1f:02:70:8d:0b f8:d1:11:5b:42:5a
1361559606.427269 7420 336 80:1f:02:70:8d:0b f8:d1:11:5b:42:5a
1361559606.427450 7421 314 80:1f:02:70:8d:0b f8:d1:11:5b:42:5a
1361559606.427871 7422 212 80:1f:02:70:8d:0b f8:d1:11:5b:42:5a
1361559606.428264 7423 314 80:1f:02:70:8d:0b f8:d1:11:5b:42:5a
1361559606.428685 7424 325 80:1f:02:70:8d:0b f8:d1:11:5b:42:5a
1361559606.429095 7425 336 80:1f:02:70:8d:0b f8:d1:11:5b:42:5a
1361559606.429449 7426 314 80:1f:02:70:8d:0b f8:d1:11:5b:42:5a
1361559606.432195 7429 212 80:1f:02:70:8d:0b f8:d1:11:5b:42:5a
1361559606.435221 7431 314 80:1f:02:70:8d:0b f8:d1:11:5b:42:5a
1361559606.439115 7435 325 80:1f:02:70:8d:0b f8:d1:11:5b:42:5a
1361559606.443174 7439 336 80:1f:02:70:8d:0b f8:d1:11:5b:42:5a
1361559606.446977 7443 314 80:1f:02:70:8d:0b f8:d1:11:5b:42:5a
1361559606.447695 7447 325 80:1f:02:70:8d:0b f8:d1:11:5b:42:5a
1361559606.447925 7448 336 80:1f:02:70:8d:0b f8:d1:11:5b:42:5a
1361559606.448115 7449 314 80:1f:02:70:8d:0b f8:d1:11:5b:42:5a
1361559606.448323 7450 325 80:1f:02:70:8d:0b f8:d1:11:5b:42:5a
1361559606.448522 7451 336 80:1f:02:70:8d:0b f8:d1:11:5b:42:5a
1361559606.448642 7452 222 80:1f:02:70:8d:0b f8:d1:11:5b:42:5a
1361559606.450370 7456 267 80:d8:a8:33:4e:59 1b:a9:dd:23:34:73
1361559606.450961 7460 314 80:1f:02:70:8d:0b f8:d1:11:5b:42:5a
1361559606.451174 7461 325 80:1f:02:70:8d:0b f8:d1:11:5b:42:5a
1361559606.451369 7462 336 80:1f:02:70:8d:0b f8:d1:11:5b:42:5a
1361559606.451568 7463 314 80:1f:02:70:8d:0b f8:d1:11:5b:42:5a
1361559606.451759 7464 325 80:1f:02:70:8d:0b f8:d1:11:5b:42:5a
1361559606.452078 7466 336 80:1f:02:70:8d:0b f8:d1:11:5b:42:5a
1361559606.452415 7467 336 80:1f:02:70:8d:0b f8:d1:11:5b:42:5a
1361559606.452736 7468 336 80:1f:02:70:8d:0b f8:d1:11:5b:42:5a
1361559606.453281 7469 336 80:1f:02:70:8d:0b f8:d1:11:5b:42:5a
1361559606.462147 7476 1552 f3:76:62:d5:a1:a2 ed:d5:b0:34:13:f6
1361559606.464379 7479 192 80:1f:02:70:8d:0b f8:d1:11:5b:42:5a
1361559606.466101 7481 192 80:1f:02:70:8d:0b f8:d1:11:5b:42:5a
1361559606.466256 7483 202 80:1f:02:70:8d:0b f8:d1:11:5b:42:5a
1361559606.466721 7485 212 80:1f:02:70:8d:0b f8:d1:11:5b:42:5a
1361559606.468011 7487 314 80:1f:02:70:8d:0b f8:d1:11:5b:42:5a
1361559606.469203 7489 325 80:1f:02:70:8d:0b f8:d1:11:5b:42:5a
1361559606.469726 7491 325 80:1f:02:70:8d:0b f8:d1:11:5b:42:5a
1361559606.470420 7492 325 80:1f:02:70:8d:0b f8:d1:11:5b:42:5a
1361559606.471056 7493 325 80:1f:02:70:8d:0b f8:d1:11:5b:42:5a
1361559606.476325 7496 325 80:1f:02:70:8d:0b f8:d1:11:5b:42:5a
1361559606.477200 7500 336 80:1f:02:70:8d:0b f8:d1:11:5b:42:5a
1361559606.477622 7501 314 80:1f:02:70:8d:0b f8:d1:11:5b:42:5a
1361559606.477821 7502 336 80:1f:02:70:8d:0b f8:d1:11:5b:42:5a
1361559606.478013 7503 314 80:1f:02:70:8d:0b f8:d1:11:5b:42:5a
1361559606.478355 7505 336 80:1f:02:70:8d:0b f8:d1:11:5b:42:5a
1361559606.478560 7506 325 80:1f:02:70:8d:0b f8:d1:11:5b:42:5a
1361559606.478760 7507 336 80:1f:02:70:8d:0b f8:d1:11:5b:42:5a
1361559606.478939 7508 314 80:1f:02:70:8d:0b f8:d1:11:5b:42:5a
1361559606.480478 7511 336 80:1f:02:70:8d:0b f8:d1:11:5b:42:5a
1361559606.480697 7512 325 80:1f:02:70:8d:0b f8:d1:11:5b:42:5a
1361559606.480903 7513 336 80:1f:02:70:8d:0b f8:d1:11:5b:42:5a
1361559606.481081 7514 314 80:1f:02:70:8d:0b f8:d1:11:5b:42:5a
1361559606.493347 7523 192 80:1f:02:70:8d:0b f8:d1:11:5b:42:5a
1361559606.493463 7524 202 80:1f:02:70:8d:0b f8:d1:11:5b:42:5a
1361559606.493705 7526 212 80:1f:02:70:8d:0b f8:d1:11:5b:42:5a
1361559606.493959 7527 212 80:1f:02:70:8d:0b f8:d1:11:5b:42:5a
1361559606.496925 7530 314 80:1f:02:70:8d:0b f8:d1:11:5b:42:5a
1361559606.503879 7534 314 80:1f:02:70:8d:0b f8:d1:11:5b:42:5a
1361559606.504611 7538 325 80:1f:02:70:8d:0b f8:d1:11:5b:42:5a
1361559606.504818 7539 336 80:1f:02:70:8d:0b f8:d1:11:5b:42:5a
1361559606.505024 7540 314 80:1f:02:70:8d:0b f8:d1:11:5b:42:5a
1361559606.505225 7541 325 80:1f:02:70:8d:0b f8:d1:11:5b:42:5a
1361559606.505429 7542 336 80:1f:02:70:8d:0b f8:d1:11:5b:42:5a
1361559606.506557 7546 232 80:1f:02:70:8d:0b f8:d1:11:5b:42:5a
1361559606.518064 7549 14 08:78:3b:0d:90:e2 1c:b5:07:ef:55:91
1361559606.518251 7550 192 80:1f:02:70:8d:0b f8:d1:11:5b:42:5a
1361559606.519449 7552 202 80:1f:02:70:8d:0b f8:d1:11:5b:42:5a
1361559606.520874 7554 212 80:1f:02:70:8d:0b f8:d1:11:5b:42:5a
1361559606.522178 7557 314 80:1f:02:70:8d:0b f8:d1:11:5b:42:5a
1361559606.522522 7558 314 80:1f:02:70:8d:0b f8:d1:11:5b:42:5a
1361559606.523348 7560 325 80:1f:02:70:8d:0b f8:d1:11:5b:42:5a
1361559606.524521 7562 336 80:1f:02:70:8d:0b f8:d1:11:5b:42:5a
1361559606.525862 7565 314 80:1f:02:70:8d:0b f8:d1:11:5b:42:5a
1361559606.526284 7566 314 80:1f:02:70:8d:0b f8:d1:11:5b:42:5a
1361559606.527111 7567 314 80:1f:02:70:8d:0b f8:d1:11:5b:42:5a
1361559606.527880 7568 314 80:1f:02:70:8d:0b f8:d1:11:5b:42:5a
1361559606.532614 7574 325 80:1f:02:70:8d:0b f8:d1:11:5b:42:5a
1361559606.532705 7575 336 80:1f:02:70:8d:0b f8:d1:11:5b:42:5a
1361559606.532898 7576 314 80:1f:02:70:8d:0b f8:d1:11:5b:42:5a
1361559606.533107 7577 325 80:1f:02:70:8d:0b f8:d1:11:5b:42:5a
1361559606.533303 7578 336 80:1f:02:70:8d:0b f8:d1:11:5b:42:5a
1361559606.533559 7580 222 80:1f:02:70:8d:0b f8:d1:11:5b:42:5a
1361559606.534305 7582 232 80:1f:02:70:8d:0b f8:d1:11:5b:42:5a
1361559606.547317 7588 202 80:1f:02:70:8d:0b f8:d1:11:5b:42:5a
1361559606.548456 7591 212 80:1f:02:70:8d:0b f8:d1:11:5b:42:5a
1361559606.549704 7594 314 80:1f:02:70:8d:0b f8:d1:11:5b:42:5a
1361559606.550899 7596 325 80:1f:02:70:8d:0b f8:d1:11:5b:42:5a
1361559606.552066 7598 336 80:1f:02:70:8d:0b f8:d1:11:5b:42:5a
1361559606.553228 7601 314 80:1f:02:70:8d:0b f8:d1:11:5b:42:5a
1361559606.555142 7604 325 80:1f:02:70:8d:0b f8:d1:11:5b:42:5a
1361559606.555858 7605 325 80:1f:02:70:8d:0b f8:d1:11:5b:42:5a
1361559606.556794 7606 325 80:1f:02:70:8d:0b f8:d1:11:5b:42:5a
1361559606.565032 7616 620 9d:a0:e4:15:ec:42 96:ac:16:9d:11:71
1361559606.569068 7619 14 6c:ce:22:9e:36:c0 28:0d:fc:58:c4:cf
1361559606.573088 7625 192 80:1f:02:70:8d:0b f8:d1:11:5b:42:5a
1361559606.574433 7628 202 80:1f:02:70:8d:0b f8:d1:11:5b:42:5a
1361559606.575266 7631 1552 74:e6:0f:75:44:80 8f:32:3e:48:9b:8e
1361559606.575701 7632 212 80:1f:02:70:8d:0b f8:d1:11:5b:42:5a
1361559606.576253 7633 212 80:1f:02:70:8d:0b f8:d1:11:5b:42:5a
1361559606.576880 7634 212 80:1f:02:70:8d:0b f8:d1:11:5b:42:5a
1361559606.577625 7635 212 80:1f:02:70:8d:0b f8:d1:11:5b:42:5a
1361559606.580973 7640 212 80:1f:02:70:8d:0b f8:d1:11:5b:42:5a
1361559606.582883 7641 212 80:1f:02:70:8d:0b f8:d1:11:5b:42:5a
1361559606.583650 7646 314 80:1f:02:70:8d:0b f8:d1:11:5b:42:5a
1361559606.583822 7647 325 80:1f:02:70:8d:0b f8:d1:11:5b:42:5a
1361559606.584036 7648 336 80:1f:02:70:8d:0b f8:d1:11:5b:42:5a
1361559606.584227 7649 314 80:1f:02:70:8d:0b f8:d1:11:5b:42:5a
1361559606.584413 7650 325 80:1f:02:70:8d:0b f8:d1:11:5b:42:5a
1361559606.584749 7651 314 80:1f:02:70:8d:0b f8:d1:11:5b:42:5a
1361559606.584946 7652 325 80:1f:02:70:8d:0b f8:d1:11:5b:42:5a
1361559606.585169 7653 336 80:1f:02:70:8d:0b f8:d1:11:5b:42:5a
1361559606.585360 7654 314 80:1f:02:70:8d:0b f8:d1:11:5b:42:5a
1361559606.585550 7655 325 80:1f:02:70:8d:0b f8:d1:11:5b:42:5a
1361559606.585858 7657 314 80:1f:02:70:8d:0b f8:d1:11:5b:42:5a
1361559606.589504 7661 232 80:1f:02:70:8d:0b f8:d1:11:5b:42:5a
1361559606.589900 7662 232 80:1f:02:70:8d:0b f8:d1:11:5b:42:5a
1361559606.601064 7672 192 80:1f:02:70:8d:0b f8:d1:11:5b:42:5a
1361559606.602252 7674 202 80:1f:02:70:8d:0b f8:d1:11:5b:42:5a
1361559606.603506 7676 212 80:1f:02:70:8d:0b f8:d1:11:5b:42:5a
1361559606.604719 7678 314 80:1f:02:70:8d:0b f8:d1:11:5b:42:5a
1361559606.605877 7681 325 80:1f:02:70:8d:0b f8:d1:11:5b:42:5a
1361559606.607103 7684 336 80:1f:02:70:8d:0b f8:d1:11:5b:42:5a
1361559606.608239 7687 314 80:1f:02:70:8d:0b f8:d1:11:5b:42:5a
1361559606.609497 7689 325 80:1f:02:70:8d:0b f8:d1:11:5b:42:5a
1361559606.610142 7690 325 80:1f:02:70:8d:0b f8:d1:11:5b:42:5a
1361559606.610938 7691 325 80:1f:02:70:8d:0b f8:d1:11:5b:42:5a
1361559606.611882 7692 325 80:1f:02:70:8d:0b f8:d1:11:5b:42:5a
1361559606.614246 7699 336 80:1f:02:70:8d:0b f8:d1:11:5b:42:5a
1361559606.615282 7701 222 80:1f:02:70:8d:0b f8:d1:71:55:64:5a
1361559606.616605 7703 232 80:1f:02:70:8d:0b f8:d1:11:5b:42:5a
1361559606.625577 7708 1552 45:d5:99:50:50:d1 19:6b:8c:fc:14:20
1361559606.627963 7709 192 80:1f:02:70:8d:0b f8:d1:11:5b:42:5a
1361559606.628749 7710 192 80:1f:02:70:8d:0b f8:d1:11:5b:42:5a
1361559606.629806 7711 192 80:1f:02:70:8d:0b f8:d1:11:5b:42:5a
1361559606.631424 7715 192 80:1f:02:70:8d:0b f8:d1:11:5b:42:5a
1361559606.633194 7716 192 80:1f:02:70:8d:0b f8:d1:11:5b:42:5a
1361559606.633666 7718 202 80:1f:02:70:8d:0b f8:d1:11:5b:42:5a
1361559606.633788 7719 212 80:1f:02:70:8d:0b f8:d1:11:5b:42:5a
1361559606.633987 7720 314 80:1f:02:70:8d:0b f8:d1:11:5b:42:5a
1361559606.634182 7721 325 80:1f:02:70:8d:0b f8:d1:11:5b:42:5a
1361559606.634562 7723 336 80:1f:02:70:8d:0b f8:d1:11:5b:42:5a
1361559606.635247 7725 314 80:1f:02:70:8d:0b f8:d1:11:5b:42:5a
1361559606.636448 7727 325 80:1f:02:70:8d:0b f8:d1:11:5b:42:5a
1361559606.637031 7728 325 80:1f:02:70:8d:0b f8:d1:11:5b:42:5a
1361559606.639229 7730 325 80:1f:02:70:8d:0b f8:d1:11:5b:42:5a
1361559606.640350 7732 14 de:10:97:93:36:c0 28:0d:fc:58:6e:10
1361559606.644863 7736 325 80:1f:02:70:8d:0b f8:d1:11:5b:42:5a
1361559606.645563 7740 336 80:1f:02:70:8d:0b f8:d1:11:5b:42:5a
1361559606.645750 7741 314 80:1f:02:70:8d:0b f8:d1:11:5b:42:5a
1361559606.645954 7742 325 80:1f:02:70:8d:0b f8:d1:11:5b:42:5a
1361559606.646175 7743 336 80:1f:02:70:8d:0b f8:d1:11:5b:42:5a
1361559606.646320 7744 222 80:1f:02:70:8d:0b f8:d1:11:5b:42:5a
1361559606.646440 7745 232 80:1f:02:70:8d:0b f8:d1:11:5b:42:5a
1361559606.646780 7747 336 80:1f:02:70:8d:0b f8:d1:11:5b:42:5a
1361559606.646905 7748 232 80:1f:02:70:8d:0b f8:d1:11:5b:42:5a
1361559606.658658 7753 192 80:1f:02:70:8d:0b f8:d1:11:5b:42:5a
1361559606.662401 7759 192 80:1f:02:70:8d:0b f8:d1:11:5b:42:5a
1361559606.664840 7767 212 80:1f:02:70:8d:0b f8:d1:11:5b:42:5a
1361559606.665145 7769 314 80:1f:02:70:8d:0b f8:d1:11:5b:42:5a
1361559606.665348 7770 325 80:1f:02:70:8d:0b f8:d1:11:5b:42:5a
1361559606.666205 7773 336 80:1f:02:70:8d:0b f8:d1:11:5b:42:5a
1361559606.667067 7775 314 80:1f:02:70:8d:0b f8:d1:11:5b:42:5a
1361559606.668921 7776 314 80:1f:02:70:8d:0b f8:d1:11:5b:42:5a
1361559606.671138 7783 222 80:1f:02:70:8d:0b f8:d1:11:5b:42:5a
1361559606.671743 7785 232 80:1f:02:70:8d:0b f8:d1:11:5b:42:5a
1361559606.683849 7797 192 80:1f:02:70:8d:0b f8:d1:11:5b:42:5a
1361559606.684232 7798 192 80:1f:02:70:8d:0b f8:d1:11:5b:42:5a
1361559606.685584 7799 192 80:1f:02:70:8d:0b f8:d1:11:5b:42:5a
1361559606.686370 7800 192 80:1f:02:70:8d:0b f8:d1:11:5b:42:5a
1361559606.687033 7804 212 80:1f:02:70:8d:0b f8:d1:11:5b:42:5a
1361559606.687608 7806 314 80:1f:02:70:8d:0b f8:d1:11:5b:42:5a
1361559606.688074 7807 314 80:1f:02:70:8d:0b f8:d1:11:5b:42:5a
1361559606.688823 7808 314 80:1f:02:70:8d:0b f8:d1:11:5b:42:5a
1361559606.694245 7813 314 80:1f:02:70:8d:0b f8:d1:11:5b:42:5a
1361559606.694562 7814 325 80:1f:02:70:8d:0b f8:d1:11:5b:42:5a
1361559606.694757 7816 325 80:1f:02:70:8d:0b f8:d1:11:5b:42:5a
1361559606.695237 7820 336 80:1f:02:70:8d:0b f8:d1:11:5b:42:5a
1361559606.695423 7821 314 80:1f:02:70:8d:0b f8:d1:11:5b:42:5a
1361559606.695732 7823 314 80:1f:02:70:8d:0b f8:d1:11:5b:42:5a
1361559606.696038 7825 325 80:1f:02:70:8d:0b f8:d1:11:5b:42:5a
1361559606.699619 7831 232 80:1f:02:70:8d:0b f8:d1:11:5b:42:5a
1361559606.711267 7838 192 80:1f:02:70:8d:0b f8:d1:11:5b:42:5a
1361559606.712457 7840 202 80:1f:02:70:8d:0b f8:d1:11:5b:42:5a
1361559606.713652 7842 212 80:1f:02:70:8d:0b f8:d1:11:5b:42:5a
1361559606.714898 7844 314 80:1f:02:70:8d:0b f8:d1:11:5b:42:5a
1361559606.716315 7845 314 80:1f:02:70:8d:0b f8:d1:11:5b:42:5a
1361559606.717274 7846 314 80:1f:02:70:8d:0b f8:d1:11:5b:42:5a
1361559606.721163 7850 314 80:1f:02:70:8d:0b f8:d1:11:5b:42:5a
1361559606.722034 7854 325 80:1f:02:70:8d:0b f8:d1:11:5b:42:5a
1361559606.722283 7855 336 80:1f:02:70:8d:0b f8:d1:11:5b:42:5a
1361559606.722484 7856 314 80:1f:02:70:8d:0b f8:d1:11:5b:42:5a
1361559606.722662 7857 325 80:1f:02:70:8d:0b f8:d1:11:5b:42:5a
1361559606.722845 7858 336 80:1f:02:70:8d:0b f8:d1:11:5b:42:5a
1361559606.723952 7862 325 80:1f:02:70:8d:0b f8:d1:11:5b:42:5a
1361559606.724156 7863 336 80:1f:02:70:8d:0b f8:d1:11:5b:42:5a
1361559606.725407 7867 336 80:1f:02:70:8d:0b f8:d1:11:5b:42:5a
1361559606.725648 7869 222 80:1f:02:70:8d:0b f8:d1:11:5b:42:5a
1361559606.726528 7871 232 80:1f:02:70:8d:0b f8:d1:11:5b:42:5a
1361559606.727077 7872 232 80:1f:02:70:8d:0b f8:d1:11:5b:42:5a
1361559606.727953 7874 232 80:1f:02:70:8d:0b f8:d1:11:5b:42:5a
1361559606.733615 7877 14 aa:0a:9e:25:36:c0 27:51:a4:37:0b:00
1361559606.735140 7878 14 27:51:9e:3a:0b:00 28:0d:54:6c:ba:d8
1361559606.738160 7880 192 80:1f:02:70:8d:0b f8:d1:11:5b:42:5a
1361559606.738686 7881 192 80:1f:02:70:8d:0b f8:d1:11:5b:42:5a
1361559606.739123 7882 192 80:1f:02:70:8d:0b f8:d1:11:5b:42:5a
1361559606.743284 7886 192 80:1f:02:70:8d:0b f8:d1:11:5b:42:5a
1361559606.743694 7888 202 80:1f:02:70:8d:0b f8:d1:11:5b:42:5a
1361559606.743872 7889 314 80:1f:02:70:8d:0b f8:d1:11:5b:42:5a
1361559606.744098 7890 325 80:1f:02:70:8d:0b f8:d1:11:5b:42:5a
1361559606.744381 7892 336 80:1f:02:70:8d:0b f8:d1:11:5b:42:5a
1361559606.745553 7894 314 80:1f:02:70:8d:0b f8:d1:11:5b:42:5a
1361559606.746068 7895 314 80:1f:02:70:8d:0b f8:d1:11:5b:42:5a
1361559606.746971 7896 314 80:1f:02:70:8d:0b f8:d1:11:5b:42:5a
1361559606.749412 7897 1552 0a:a5:a0:66:f6:60 d4:37:c8:15:c2:17
1361559606.750160 7899 314 80:1f:02:70:8d:0b f8:d1:11:5b:42:5a
1361559606.752483 7905 325 80:1f:02:70:8d:0b f8:d1:11:5b:42:5a
1361559606.752694 7906 336 80:1f:02:70:8d:0b f8:d1:11:5b:42:5a
1361559606.752865 7907 314 80:1f:02:70:8d:0b f8:d1:11:5b:42:5a
1361559606.753076 7908 325 80:1f:02:70:8d:0b f8:d1:11:5b:42:5a
1361559606.753261 7909 336 80:1f:02:70:8d:0b f8:d1:11:5b:42:5a
1361559606.753599 7911 325 80:1f:02:70:8d:0b f8:d1:11:5b:42:5a
1361559606.753780 7912 314 80:1f:02:70:8d:0b f8:d1:11:5b:42:5a
1361559606.766036 7919 192 80:1f:02:70:8d:0b f8:d1:11:5b:42:5a
1361559606.767145 7921 202 80:1f:02:70:8d:0b f8:d1:11:5b:42:5a
1361559606.768337 7923 212 80:1f:02:70:8d:0b f8:d1:11:5b:42:5a
1361559606.770726 7928 292 80:1f:02:70:8d:0b f8:d1:11:5b:42:5a
1361559606.771722 7931 303 80:1f:02:70:8d:0b f8:d1:11:5b:42:5a
1361559606.774282 7936 292 80:1f:02:70:8d:0b f8:d1:11:5b:42:5a
1361559606.781426 7947 292 80:1f:02:70:8d:0b f8:d1:11:5b:42:5a
1361559606.781608 7948 303 80:1f:02:70:8d:0b f8:d1:11:5b:42:5a
1361559606.781784 7949 222 80:1f:02:70:8d:0b f8:d1:11:5b:42:5a
1361559606.781911 7950 232 80:1f:02:70:8d:0b f8:d1:11:5b:42:5a
1361559606.786006 7954 14 00:00:0e:00:00:00 27:51:b1:ff:0b:00
1361559606.790128 7958 1552 21:95:39:3e:73:c0 12:66:a3:21:46:3d
1361559606.794703 7960 202 80:1f:02:70:8d:0b f8:d1:11:5b:42:5a
1361559606.795984 7963 212 80:1f:02:70:8d:0b f8:d1:11:5b:42:5a
1361559606.796335 7964 212 80:1f:02:70:8d:0b f8:d1:11:5b:42:5a
1361559606.797166 7966 212 80:1f:02:70:8d:0b f8:d1:71:55:af:b8
1361559606.806610 7979 292 80:1f:02:70:8d:0b f8:d1:11:5b:42:5a
1361559606.806938 7981 303 80:1f:02:70:8d:0b f8:d1:11:5b:42:5a
1361559606.808192 7983 222 80:1f:02:70:8d:0b f8:d1:11:5b:42:5a
1361559606.808772 7985 1304 17:bd:8b:92:97:dd bc:4c:0b:10:17:45
1361559606.809354 7986 232 80:1f:02:70:8d:0b f8:d1:11:5b:42:5a
1361559606.812981 7988 14 27:51:c7:69:0c:00 62:7c:c9:db:0e:19
1361559606.821638 7990 192 80:1f:02:70:8d:0b f8:d1:11:5b:42:5a
1361559606.822844 7992 202 80:1f:02:70:8d:0b f8:d1:11:5b:42:5a
1361559606.824044 7994 212 80:1f:02:70:8d:0b f8:d1:11:5b:42:5a
1361559606.827681 8003 303 80:1f:02:70:8d:0b f8:d1:11:5b:42:5a
1361559606.831313 8013 292 80:1f:02:70:8d:0b f8:d1:11:5b:42:5a
1361559606.831497 8014 303 80:1f:02:70:8d:0b f8:d1:11:5b:42:5a
1361559606.831785 8016 303 80:1f:02:70:8d:0b f8:d1:11:5b:42:5a
1361559606.832091 8017 303 80:1f:02:70:8d:0b f8:d1:11:5b:42:5a
1361559606.832959 8018 303 80:1f:02:70:8d:0b f8:d1:11:5b:42:5a
1361559606.836178 8020 303 80:1f:02:70:8d:0b f8:d1:11:5b:42:5a
1361559606.843120 8025 303 80:1f:02:70:8d:0b f8:d1:11:5b:42:5a
1361559606.843943 8029 281 80:1f:02:70:8d:0b f8:d1:11:5b:42:5a
1361559606.844123 8030 292 80:1f:02:70:8d:0b f8:d1:11:5b:42:5a
1361559606.844319 8031 303 80:1f:02:70:8d:0b f8:d1:11:5b:42:5a
1361559606.844459 8032 222 80:1f:02:70:8d:0b f8:d1:11:5b:42:5a
1361559606.844587 8033 232 80:1f:02:70:8d:0b f8:d1:11:5b:42:5a
1361559606.850602 8037 202 80:1f:02:70:8d:0b f8:d1:11:5b:42:5a
1361559606.851832 8040 212 80:1f:02:70:8d:0b f8:d1:11:5b:42:5a
1361559606.852367 8041 212 80:1f:02:70:8d:0b f8:d1:11:5b:42:5a
1361559606.854243 8043 212 80:1f:02:70:8d:0b f8:d1:11:5b:42:5a
1361559606.855700 8045 14 86:42:24:2d:36:c0 27:51:97:0e:0d:00
1361559606.856118 8048 212 80:1f:02:70:8d:0b f8:d1:11:5b:42:5a
1361559606.856370 8050 281 80:1f:02:70:8d:0b f8:d1:11:5b:42:5a
1361559606.856557 8051 292 80:1f:02:70:8d:0b f8:d1:11:5b:42:5a
1361559606.856711 8052 303 80:1f:02:70:8d:0b f8:d1:11:5b:42:5a
1361559606.856982 8054 292 80:1f:02:70:8d:0b f8:d1:11:5b:42:5a
1361559606.857303 8055 292 80:1f:02:70:8d:0b f8:d1:11:5b:42:5a
1361559606.857585 8056 292 80:1f:02:70:8d:0b f8:d1:11:5b:42:5a
1361559606.860712 8057 292 80:1f:02:70:8d:0b f8:d1:11:5b:42:5a
1361559606.868194 8067 281 80:1f:02:70:8d:0b f8:d1:11:5b:42:5a
1361559606.868501 8068 303 80:1f:02:70:8d:0b f8:d1:11:5b:42:5a
1361559606.869186 8072 232 80:1f:02:70:8d:0b f8:d1:11:5b:42:5a
1361559606.871158 8075 14 00:00:25:1f:c0:a2 00:00:b9:29:00:20
1361559606.875177 8076 1552 37:ba:ba:59:fd:48 cf:8d:2e:f3:25:30
1361559606.877136 8077 192 80:1f:02:70:8d:0b f8:d1:11:5b:42:5a
1361559606.877615 8078 192 80:1f:02:70:8d:0b f8:d1:11:5b:42:5a
1361559606.878167 8079 192 80:1f:02:70:8d:0b f8:d1:11:5b:42:5a
1361559606.878563 8081 192 80:1f:02:70:8d:0b f8:d1:11:5b:42:5a
1361559606.883376 8086 192 80:1f:02:70:8d:0b f8:d1:11:5b:42:5a
1361559606.883965 8088 202 80:1f:02:70:8d:0b f8:d1:11:5b:42:5a
1361559606.884173 8089 292 80:1f:02:70:8d:0b f8:d1:11:5b:42:5a
1361559606.884324 8090 303 80:1f:02:70:8d:0b f8:d1:11:5b:42:5a
1361559606.884480 8091 281 80:1f:02:70:8d:0b f8:d1:11:5b:42:5a
1361559606.884799 8093 303 80:1f:02:70:8d:0b f8:d1:11:5b:42:5a
1361559606.885098 8094 303 80:1f:02:70:8d:0b f8:d1:11:5b:42:5a
1361559606.885419 8095 303 80:1f:02:70:8d:0b f8:d1:11:5b:42:5a
1361559606.886420 8100 292 80:1f:02:70:8d:0b f8:d1:11:5b:42:5a
1361559606.886583 8101 303 80:1f:02:70:8d:0b f8:d1:11:5b:42:5a
1361559606.895230 8114 281 80:1f:02:70:8d:0b f8:d1:11:5b:42:5a
1361559606.896018 8116 292 80:1f:02:70:8d:0b f8:d1:11:5b:42:5a
1361559606.896204 8117 303 80:1f:02:70:8d:0b f8:d1:11:5b:42:5a
1361559606.896350 8118 222 80:1f:02:70:8d:0b f8:d1:11:5b:42:5a
1361559606.896474 8119 232 80:1f:02:70:8d:0b f8:d1:11:5b:42:5a
1361559606.896929 8121 252 9d:4f:91:ce:20:fd d7:50:80:cc:56:dd
1361559606.897215 8123 292 80:1f:02:70:8d:0b f8:d1:11:5b:42:5a
1361559606.899389 8126 14 c4:36:76:88:36:c0 ac:59:de:10:70:89
1361559606.906430 8130 202 80:1f:02:70:8d:0b f8:d1:11:5b:42:5a
1361559606.906601 8132 212 80:1f:02:70:8d:0b f8:d1:11:5b:42:5a
1361559606.909450 8137 292 80:1f:02:70:8d:0b f8:d1:11:5b:42:5a
1361559606.910059 8138 292 80:1f:02:70:8d:0b f8:d1:11:5b:42:5a
1361559606.910639 8139 292 80:1f:02:70:8d:0b f8:d1:11:5b:42:5a
1361559606.910961 8141 303 80:1f:02:70:8d:0b f8:d1:11:5b:42:5a
1361559606.914484 8148 292 80:1f:02:70:8d:0b f8:d1:11:5b:42:5a
1361559606.914666 8149 303 80:1f:02:70:8d:0b f8:d1:11:5b:42:5a
1361559606.914953 8151 292 80:1f:02:70:8d:0b f8:d1:11:5b:42:5a
1361559606.917176 8155 292 80:1f:02:70:8d:0b f8:d1:11:5b:42:5a
1361559606.917900 8157 292 80:1f:02:70:8d:0b f8:d1:11:5b:42:5a
1361559606.918665 8158 292 80:1f:02:70:8d:0b f8:d1:11:5b:42:5a
1361559606.919903 8162 303 80:1f:02:70:8d:0b f8:d1:11:5b:42:5a
1361559606.920000 8163 222 80:1f:02:70:8d:0b f8:d1:11:5b:42:5a
1361559606.920303 8165 303 80:1f:02:70:8d:0b f8:d1:11:5b:42:5a
1361559606.920557 8167 232 80:1f:02:70:8d:0b f8:d1:11:5b:42:5a
1361559606.925870 8170 1552 19:97:9b:a3:d0:91 46:13:b7:ad:08:46
1361559606.932367 8181 192 80:1f:02:70:8d:0b f8:d1:11:5b:42:5a
1361559606.933525 8185 202 80:1f:02:70:8d:0b f8:d1:11:5b:42:5a
1361559606.934717 8187 212 80:1f:02:70:8d:0b f8:d1:11:5b:42:5a
1361559606.935294 8188 212 80:1f:02:70:8d:0b f8:d1:11:5b:42:5a
1361559606.937355 8189 212 80:1f:02:70:8d:0b f8:d1:11:5b:42:5a
1361559606.938308 8190 212 80:1f:02:70:8d:0b f8:d1:11:5b:42:5a
1361559606.940246 8193 212 80:1f:02:70:8d:0b f8:d1:11:5b:42:5a
1361559606.942267 8194 212 80:1f:02:70:8d:0b f8:d1:11:5b:42:5a
1361559606.942792 8196 281 80:1f:02:70:8d:0b f8:d1:11:5b:42:5a
1361559606.942962 8197 292 80:1f:02:70:8d:0b f8:d1:11:5b:42:5a
1361559606.943159 8198 303 80:1f:02:70:8d:0b f8:d1:11:5b:42:5a
1361559606.943334 8199 281 80:1f:02:70:8d:0b f8:d1:11:5b:42:5a
1361559606.943512 8200 292 80:1f:02:70:8d:0b f8:d1:11:5b:42:5a
1361559606.943692 8201 303 80:1f:02:70:8d:0b f8:d1:11:5b:42:5a
1361559606.944855 8207 292 80:1f:02:70:8d:0b f8:d1:11:5b:42:5a
1361559606.945165 8209 303 80:1f:02:70:8d:0b f8:d1:11:5b:42:5a
1361559606.946831 8211 222 80:1f:02:70:8d:0b f8:d1:11:5b:42:5a
1361559606.947756 8213 232 80:1f:02:70:8d:0b f8:d1:11:5b:42:5a
1361559606.948352 8214 232 80:1f:02:70:8d:0b f8:d1:11:5b:42:5a
1361559606.948892 8215 232 80:1f:02:70:8d:0b f8:d1:11:5b:42:5a
1361559606.950097 8217 232 80:1f:02:70:8d:0b f8:d1:11:5b:42:5a
1361559606.950173 8218 14 c4:c7:ec:f2:36:c0 98:a1:fc:cf:4d:8c
1361559606.960014 8225 192 80:1f:02:70:8d:0b f8:d1:11:5b:42:5a
1361559606.961297 8227 202 80:1f:02:70:8d:0b f8:d1:11:5b:42:5a
1361559606.962514 8229 212 80:1f:02:70:8d:0b f8:d1:11:5b:42:5a
1361559606.969365 8238 292 80:1f:02:70:8d:0b f8:d1:11:5b:42:5a
1361559606.969626 8239 281 80:1f:02:70:8d:0b f8:d1:11:5b:42:5a
1361559606.969777 8240 292 80:1f:02:70:8d:0b f8:d1:11:5b:42:5a
1361559606.970064 8242 303 80:1f:02:70:8d:0b f8:d1:11:5b:42:5a
1361559606.970205 8243 292 80:1f:02:70:8d:0b f8:d1:11:5b:42:5a
1361559606.970547 8245 292 80:1f:02:70:8d:0b f8:d1:11:5b:42:5a
1361559606.972274 8249 292 80:1f:02:70:8d:0b f8:d1:11:5b:42:5a
1361559606.972874 8251 292 80:1f:02:70:8d:0b f8:d1:11:5b:42:5a
1361559606.973182 8252 1552 76:0a:6b:b9:8c:b2 d5:41:80:62:30:5a
1361559606.973465 8253 292 80:1f:02:70:8d:0b f8:d1:11:5b:42:5a
1361559606.974058 8255 292 80:1f:02:70:8d:0b f8:d1:11:5b:42:5a
1361559606.976227 8259 366 4a:d7:82:bd:e2:c1 b3:61:61:98:ca:f7
1361559606.976719 8261 14 27:51:96:ed:0e:00 54:6b:ea:d3:ba:c7
1361559606.983074 8269 1552 a5:82:2f:0b:5b:cf 27:7a:74:be:1c:19
1361559606.988079 8275 192 80:1f:02:70:8d:0b f8:d1:11:5b:42:5a
1361559606.989207 8278 202 80:1f:02:70:8d:0b f8:d1:11:5b:42:5a
1361559606.990369 8281 212 80:1f:02:70:8d:0b f8:d1:11:5b:42:5a
1361559606.991689 8282 212 80:1f:02:70:8d:0b f8:d1:11:5b:42:5a
1361559606.992466 8284 212 80:1f:02:70:8d:0b f8:d1:11:5b:42:5a
1361559606.993208 8287 292 80:1f:02:70:8d:0b f8:d1:11:5b:42:5a
1361559606.993820 8289 1552 95:03:7f:e8:fb:20 38:ab:bb:f0:1b:78
1361559606.994434 8290 303 80:1f:02:70:8d:0b f8:d1:11:5b:42:5a
1361559606.995164 8291 303 80:1f:02:70:8d:0b f8:d1:11:5b:42:5a
1361559607.457 8294 1552 2d:5e:18:34:4c:ba bd:96:e5:2c:ef:80
1361559607.2156 8298 303 80:1f:02:70:8d:0b f8:d1:11:5b:42:5a
1361559607.2275 8299 222 80:1f:02:70:8d:0b f8:d1:11:5b:42:5a
1361559607.2493 8301 14 27:51:9b:13:00:00 28:41:39:b7:fc:0e
1361559607.5235 8303 232 80:1f:02:70:8d:0b f8:d1:11:5b:42:5a
1361559607.15570 8306 192 80:1f:02:70:8d:0b f8:d1:11:5b:42:5a
1361559607.16893 8308 202 80:1f:02:70:8d:0b f8:d1:11:5b:42:5a
1361559607.17993 8310 212 80:1f:02:70:8d:0b f8:d1:11:5b:42:5a
1361559607.20608 8313 292 80:1f:02:70:8d:0b f8:d1:11:5b:42:5a
1361559607.21017 8314 292 80:1f:02:70:8d:0b f8:d1:11:5b:42:5a
1361559607.21824 8315 292 80:1f:02:70:8d:0b f8:d1:11:5b:42:5a
1361559607.23330 8316 292 80:1f:02:70:8d:0b f8:d1:11:5b:42:5a
1361559607.26875 8319 292 80:1f:02:70:8d:0b f8:d1:11:5b:42:5a
1361559607.27579 8323 303 80:1f:02:70:8d:0b f8:d1:11:5b:42:5a
1361559607.27746 8324 281 80:1f:02:70:8d:0b f8:d1:11:5b:42:5a
1361559607.27924 8325 292 80:1f:02:70:8d:0b f8:d1:11:5b:42:5a
1361559607.28100 8326 303 80:1f:02:70:8d:0b f8:d1:11:5b:42:5a
1361559607.28259 8327 281 80:1f:02:70:8d:0b f8:d1:11:5b:42:5a
1361559607.28568 8329 292 80:1f:02:70:8d:0b f8:d1:11:5b:42:5a
1361559607.29206 8331 303 80:1f:02:70:8d:0b f8:d1:11:5b:42:5a
1361559607.43633 8340 192 80:1f:02:70:8d:0b f8:d1:11:5b:42:5a
1361559607.44085 8342 192 80:1f:02:70:8d:0b f8:d1:11:5b:42:5a
1361559607.44473 8343 192 80:1f:02:70:8d:0b f8:d1:11:5b:42:5a
1361559607.44701 8345 202 80:1f:02:70:8d:0b f8:d1:11:5b:42:5a
1361559607.44946 8347 202 80:1f:02:70:8d:0b f8:d1:11:5b:42:5a
1361559607.45202 8348 202 80:1f:02:70:8d:0b f8:d1:11:5b:42:5a
1361559607.45449 8349 202 80:1f:02:70:8d:0b f8:d1:11:5b:42:5a
1361559607.47715 8350 202 80:1f:02:70:8d:0b f8:d1:11:5b:42:5a
1361559607.60919 8361 202 80:1f:02:70:8d:0b f8:d1:11:5b:42:5a
1361559607.71836 8369 192 80:1f:02:70:8d:0b f8:d1:11:5b:42:5a
1361559607.75068 8373 202 80:1f:02:70:8d:0b f8:d1:11:5b:42:5a
1361559607.77490 8376 303 80:1f:02:70:8d:0b f8:d1:11:5b:42:5a
1361559607.82331 8384 281 80:1f:02:70:8d:0b f8:d1:11:5b:42:5a
1361559607.84971 8387 303 80:1f:02:70:8d:0b f8:d1:11:5b:42:5a
1361559607.86060 8392 222 80:1f:02:70:8d:0b f8:d1:11:5b:42:5a
1361559607.87330 8395 232 80:1f:02:70:8d:0b f8:d1:11:5b:42:5a
1361559607.87953 8397 14 27:51:7a:5b:01:00 e7:f6:05:67:57:20
1361559607.89679 8400 14 27:51:b9:5f:01:00 28:0d:fc:58:02:20
1361559607.97056 8413 1552 82:22:80:57:1d:e4 a2:89:74:01:e0:16
1361559607.101542 8416 212 80:1f:02:70:8d:0b f8:d1:11:5b:42:5a
1361559607.103950 8422 292 80:1f:02:70:8d:0b f8:d1:11:5b:42:5a
1361559607.105548 8424 292 80:1f:02:70:8d:0b f8:d1:11:5b:42:5a
1361559607.112384 8435 303 80:1f:02:70:8d:0b f8:d1:11:5b:42:5a
1361559607.113624 8436 303 80:1f:02:70:8d:0b f8:d1:11:5b:42:5a
1361559607.114062 8437 303 80:1f:02:70:8d:0b f8:d1:11:5b:42:5a
1361559607.119772 8443 303 80:1f:02:70:8d:0b f8:d1:11:5b:42:5a
1361559607.129646 8451 212 80:1f:02:70:8d:0b f8:d1:11:5b:42:5a
1361559607.141399 8464 303 80:1f:02:70:8d:0b f8:d1:11:5b:42:5a
1361559607.141709 8466 292 80:1f:02:70:8d:0b f8:d1:11:5b:42:5a
1361559607.142134 8467 292 80:1f:02:70:8d:0b f8:d1:11:5b:42:5a
1361559607.143079 8471 303 80:1f:02:70:8d:0b f8:d1:11:5b:42:5a
1361559607.143199 8472 222 80:1f:02:70:8d:0b f8:d1:11:5b:42:5a
1361559607.143475 8474 232 80:1f:02:70:8d:0b f8:d1:11:5b:42:5a
1361559607.143713 8475 232 80:1f:02:70:8d:0b f8:d1:11:5b:42:5a
1361559607.143984 8476 232 80:1f:02:70:8d:0b f8:d1:11:5b:42:5a
1361559607.144247 8477 232 80:1f:02:70:8d:0b f8:d1:11:5b:42:5a
1361559607.146811 8478 232 80:1f:02:70:8d:0b f8:d1:11:5b:42:5a
1361559607.151347 8482 14 55:af:da:0b:5e:06 21:fb:95:74:ec:96
1361559607.155193 8486 192 80:1f:02:70:8d:0b f8:d1:11:5b:42:5a
1361559607.155550 8487 192 80:1f:02:70:8d:0b f8:d1:11:5b:42:5a
1361559607.156080 8489 192 80:1f:02:70:8d:0b f8:d1:11:5b:42:5a
1361559607.157174 8491 192 80:1f:02:70:8d:0b f8:d1:11:5b:42:5a
1361559607.161028 8496 303 80:1f:02:70:8d:0b f8:d1:11:5b:42:5a
1361559607.167643 8506 292 80:1f:02:70:8d:0b f8:d1:11:5b:42:5a
1361559607.167739 8507 303 80:1f:02:70:8d:0b f8:d1:11:5b:42:5a
1361559607.167956 8508 281 80:1f:02:70:8d:0b f8:d1:11:5b:42:5a
1361559607.168116 8509 292 80:1f:02:70:8d:0b f8:d1:11:5b:42:5a
1361559607.168468 8511 303 80:1f:02:70:8d:0b f8:d1:11:5b:42:5a
1361559607.168590 8512 281 80:1f:02:70:8d:0b f8:d1:11:5b:42:5a
1361559607.168755 8513 292 80:1f:02:70:8d:0b f8:d1:11:5b:42:5a
1361559607.169070 8515 303 80:1f:02:70:8d:0b f8:d1:11:5b:42:5a
1361559607.169377 8516 303 80:1f:02:70:8d:0b f8:d1:11:5b:42:5a
1361559607.169717 8517 303 80:1f:02:70:8d:0b f8:d1:11:5b:42:5a
1361559607.171102 8518 303 80:1f:02:70:8d:0b f8:d1:11:5b:42:5a
1361559607.174235 8521 232 80:1f:02:70:8d:0b f8:d1:11:5b:42:5a
1361559607.183812 8526 202 80:1f:02:70:8d:0b f8:d1:11:5b:42:5a
1361559607.184142 8527 202 80:1f:02:70:8d:0b f8:d1:11:5b:42:5a
1361559607.185109 8528 202 80:1f:02:70:8d:0b f8:d1:11:5b:42:5a
1361559607.186393 8530 202 80:1f:02:70:8d:0b f8:d1:11:5b:42:5a
1361559607.189203 8540 292 80:1f:02:70:8d:0b f8:d1:11:5b:42:5a
1361559607.189471 8542 303 80:1f:02:70:8d:0b f8:d1:11:5b:42:5a
1361559607.191221 8546 292 80:1f:02:70:8d:0b f8:d1:11:5b:42:5a
1361559607.191629 8547 292 80:1f:02:70:8d:0b f8:d1:11:5b:42:5a
1361559607.192513 8548 292 80:1f:02:70:8d:0b f8:d1:11:5b:42:5a
1361559607.199203 8554 303 80:1f:02:70:8d:0b f8:d1:11:5b:42:5a
1361559607.199382 8555 281 80:1f:02:70:8d:0b f8:d1:11:5b:42:5a
1361559607.199564 8556 292 80:1f:02:70:8d:0b f8:d1:11:5b:42:5a
1361559607.199744 8557 303 80:1f:02:70:8d:0b f8:d1:11:5b:42:5a
1361559607.199885 8558 222 80:1f:02:70:8d:0b f8:d1:11:5b:42:5a
1361559607.200020 8559 232 80:1f:02:70:8d:0b f8:d1:11:5b:42:5a
1361559607.217539 8570 292 80:1f:02:70:8d:0b f8:d1:11:5b:42:5a
1361559607.222831 8576 292 80:1f:02:70:8d:0b f8:d1:11:5b:42:5a
1361559607.225226 8581 222 80:1f:02:70:8d:0b f8:d1:11:5b:42:5a
1361559607.226386 8583 232 80:1f:02:70:8d:0b f8:d1:11:5b:42:5a
1361559607.238407 8590 192 80:1f:02:70:8d:0b f8:d1:11:5b:42:5a
1361559607.239676 8592 202 80:1f:02:70:8d:0b f8:d1:11:5b:42:5a
1361559607.240933 8595 212 80:1f:02:70:8d:0b f8:d1:11:5b:42:5a
1361559607.243415 8601 292 80:1f:02:70:8d:0b f8:d1:11:5b:42:5a
1361559607.244772 8603 303 80:1f:02:70:8d:0b f8:d1:11:5b:42:5a
1361559607.248782 8610 281 80:1f:02:70:8d:0b f8:d1:11:5b:42:5a
1361559607.249106 8612 292 80:1f:02:70:8d:0b f8:d1:11:5b:42:5a
1361559607.249278 8613 303 80:1f:02:70:8d:0b f8:d1:11:5b:42:5a
1361559607.250831 8617 292 80:1f:02:70:8d:0b f8:d1:11:5b:42:5a
1361559607.253948 8620 303 80:1f:02:70:8d:0b f8:d1:11:5b:42:5a
1361559607.258075 8625 303 80:1f:02:70:8d:0b f8:d1:11:5b:42:5a
1361559607.265612 8633 192 80:1f:02:70:8d:0b f8:d1:11:5b:42:5a
1361559607.266072 8634 192 80:1f:02:70:8d:0b f8:d1:11:5b:42:5a
1361559607.266782 8636 202 80:1f:02:70:8d:0b f8:d1:71:55:64:5a
1361559607.267991 8638 212 80:1f:02:70:8d:0b f8:d1:11:5b:42:5a
1361559607.276458 8645 292 80:1f:02:70:8d:0b f8:d1:11:5b:42:5a
1361559607.276753 8646 292 80:1f:02:70:8d:0b f8:d1:11:5b:42:5a
1361559607.277941 8650 303 80:1f:02:70:8d:0b f8:d1:11:5b:42:5a
1361559607.278095 8651 281 80:1f:02:70:8d:0b f8:d1:11:5b:42:5a
1361559607.278257 8652 292 80:1f:02:70:8d:0b f8:d1:11:5b:42:5a
1361559607.278882 8654 303 80:1f:02:70:8d:0b f8:d1:11:5b:42:5a
1361559607.279376 8655 303 80:1f:02:70:8d:0b f8:d1:11:5b:42:5a
1361559607.280041 8657 303 80:1f:02:70:8d:0b f8:d1:11:5b:42:5a
1361559607.281485 8658 303 80:1f:02:70:8d:0b f8:d1:11:5b:42:5a
1361559607.287241 8663 303 80:1f:02:70:8d:0b f8:d1:11:5b:42:5a
1361559607.292693 8671 192 80:1f:02:70:8d:0b f8:d1:11:5b:42:5a
1361559607.293828 8673 202 80:1f:02:70:8d:0b f8:d1:11:5b:42:5a
1361559607.295017 8677 212 80:1f:02:70:8d:0b f8:d1:11:5b:42:5a
1361559607.301831 8686 281 80:1f:02:70:8d:0b f8:d1:11:5b:42:5a
1361559607.302137 8688 292 80:1f:02:70:8d:0b f8:d1:11:5b:42:5a
1361559607.302331 8689 303 80:1f:02:70:8d:0b f8:d1:11:5b:42:5a
1361559607.302503 8690 281 80:1f:02:70:8d:0b f8:d1:11:5b:42:5a
1361559607.302674 8691 292 80:1f:02:70:8d:0b f8:d1:11:5b:42:5a
1361559607.302982 8693 303 80:1f:02:70:8d:0b f8:d1:11:5b:42:5a
1361559607.303278 8695 303 80:1f:02:70:8d:0b f8:d1:11:5b:42:5a
1361559607.303592 8696 303 80:1f:02:70:8d:0b f8:d1:11:5b:42:5a
1361559607.305965 8699 303 80:1f:02:70:8d:0b f8:d1:11:5b:42:5a
1361559607.306288 8700 303 80:1f:02:70:8d:0b f8:d1:11:5b:42:5a
1361559607.306586 8701 303 80:1f:02:70:8d:0b f8:d1:11:5b:42:5a
1361559607.307338 8703 222 80:1f:02:70:8d:0b f8:d1:11:5b:42:5a
1361559607.320813 8709 192 80:1f:02:70:8d:0b f8:d1:11:5b:42:5a
1361559607.321120 8710 192 80:1f:02:70:8d:0b f8:d1:11:5b:42:5a
1361559607.321965 8712 202 80:1f:02:70:8d:0b f8:d1:11:5b:42:5a
1361559607.324586 8717 314 80:1f:02:70:8d:0b f8:d1:11:5b:42:5a
1361559607.325745 8719 325 80:1f:02:70:8d:0b f8:d1:11:5b:42:5a
1361559607.326944 8722 336 80:1f:02:70:8d:0b f8:d1:11:5b:42:5a
1361559607.328077 8725 314 80:1f:02:70:8d:0b f8:d1:11:5b:42:5a
1361559607.329338 8727 325 80:1f:02:70:8d:0b f8:d1:11:5b:42:5a
1361559607.330465 8729 336 80:1f:02:70:8d:0b f8:d1:11:5b:42:5a
1361559607.332608 8732 314 80:1f:02:70:8d:0b f8:d1:11:5b:42:5a
1361559607.332917 8733 314 80:1f:02:70:8d:0b f8:d1:11:5b:42:5a
1361559607.333229 8735 325 80:1f:02:70:8d:0b f8:d1:11:5b:42:5a
1361559607.334147 8737 336 80:1f:02:70:8d:0b f8:d1:11:5b:42:5a
1361559607.335227 8739 222 80:1f:02:70:8d:0b f8:d1:11:5b:42:5a
1361559607.336444 8742 232 80:1f:02:70:8d:0b f8:d1:11:5b:42:5a
1361559607.341175 8744 28 00:23:6c:88:2f:ba 00:0d:93:8a:98:81
1361559607.348737 8748 192 80:1f:02:70:8d:0b f8:d1:11:5b:42:5a
1361559607.349224 8749 192 80:1f:02:70:8d:0b f8:d1:11:5b:42:5a
1361559607.349861 8750 192 80:1f:02:70:8d:0b f8:d1:11:5b:42:5a
1361559607.350661 8751 192 80:1f:02:70:8d:0b f8:d1:11:5b:42:5a
1361559607.352353 8756 314 80:1f:02:70:8d:0b f8:d1:11:5b:42:5a
1361559607.353557 8758 325 80:1f:02:70:8d:0b f8:d1:11:5b:42:5a
1361559607.356598 8761 336 80:1f:02:70:8d:0b f8:d1:11:5b:42:5a
1361559607.357536 8763 14 00:00:0e:00:00:00 27:51:1d:7d:05:00
1361559607.386164 8780 336 80:1f:02:70:8d:0b f8:d1:11:5b:42:5a
1361559607.386498 8782 314 80:1f:02:70:8d:0b f8:d1:11:5b:42:5a
1361559607.386675 8783 325 80:1f:02:70:8d:0b f8:d1:11:5b:42:5a
1361559607.386909 8784 336 80:1f:02:70:8d:0b f8:d1:11:5b:42:5a
1361559607.387087 8785 314 80:1f:02:70:8d:0b f8:d1:11:5b:42:5a
1361559607.387271 8786 325 80:1f:02:70:8d:0b f8:d1:11:5b:42:5a
1361559607.387606 8788 325 80:1f:02:70:8d:0b f8:d1:11:5b:42:5a
1361559607.387807 8789 336 80:1f:02:70:8d:0b f8:d1:11:5b:42:5a
1361559607.388116 8791 325 80:1f:02:70:8d:0b f8:d1:11:5b:42:5a
1361559607.389904 8796 222 80:1f:02:70:8d:0b f8:d1:11:5b:42:5a
1361559607.390249 8798 325 80:1f:02:70:8d:0b f8:d1:11:5b:42:5a
1361559607.390446 8799 336 80:1f:02:70:8d:0b f8:d1:11:5b:42:5a
1361559607.390635 8800 314 80:1f:02:70:8d:0b f8:d1:11:5b:42:5a
1361559607.390833 8801 325 80:1f:02:70:8d:0b f8:d1:11:5b:42:5a
1361559607.391022 8802 336 80:1f:02:70:8d:0b f8:d1:11:5b:42:5a
1361559607.391364 8804 325 80:1f:02:70:8d:0b f8:d1:11:5b:42:5a
1361559607.391544 8805 314 80:1f:02:70:8d:0b f8:d1:11:5b:42:5a
1361559607.392263 8808 325 80:1f:02:70:8d:0b f8:d1:11:5b:42:5a
1361559607.392448 8809 314 80:1f:02:70:8d:0b f8:d1:11:5b:42:5a
1361559607.394245 8811 314 80:1f:02:70:8d:0b f8:d1:11:5b:42:5a
1361559607.394450 8812 325 80:1f:02:70:8d:0b f8:d1:11:5b:42:5a
1361559607.394654 8813 336 80:1f:02:70:8d:0b f8:d1:11:5b:42:5a
1361559607.394795 8814 222 80:1f:02:70:8d:0b f8:d1:11:5b:42:5a
1361559607.394928 8815 232 80:1f:02:70:8d:0b f8:d1:11:5b:42:5a
1361559607.395283 8817 314 80:1f:02:70:8d:0b f8:d1:11:5b:42:5a
1361559607.404088 8823 192 80:1f:02:70:8d:0b f8:d1:11:5b:42:5a
1361559607.405214 8826 202 80:1f:02:70:8d:0b f8:d1:11:5b:42:5a
1361559607.408837 8829 314 80:1f:02:70:8d:0b f8:d1:11:5b:42:5a
1361559607.409936 8830 314 80:1f:02:70:8d:0b f8:d1:11:5b:42:5a
1361559607.411694 8835 325 80:1f:02:70:8d:0b f8:d1:11:5b:42:5a
1361559607.411949 8836 336 80:1f:02:70:8d:0b f8:d1:11:5b:42:5a
1361559607.412086 8837 314 80:1f:02:70:8d:0b f8:d1:11:5b:42:5a
1361559607.412396 8839 325 80:1f:02:70:8d:0b f8:d1:11:5b:42:5a
1361559607.414967 8844 336 80:1f:02:70:8d:0b f8:d1:11:5b:42:5a
1361559607.415102 8845 314 80:1f:02:70:8d:0b f8:d1:11:5b:42:5a
1361559607.415750 8846 336 80:1f:02:70:8d:0b f8:d1:11:5b:42:5a
1361559607.415879 8847 314 80:1f:02:70:8d:0b f8:d1:11:5b:42:5a
1361559607.416141 8848 336 80:1f:02:70:8d:0b f8:d1:11:5b:42:5a
1361559607.416248 8849 314 80:1f:02:70:8d:0b f8:d1:11:5b:42:5a
1361559607.417036 8851 325 80:1f:02:70:8d:0b f8:d1:11:5b:42:5a
1361559607.417169 8852 336 80:1f:02:70:8d:0b f8:d1:11:5b:42:5a
1361559607.417445 8853 325 80:1f:02:70:8d:0b f8:d1:11:5b:42:5a
1361559607.417574 8854 336 80:1f:02:70:8d:0b f8:d1:11:5b:42:5a
1361559607.417834 8855 325 80:1f:02:70:8d:0b f8:d1:11:5b:42:5a
1361559607.417964 8856 336 80:1f:02:70:8d:0b f8:d1:11:5b:42:5a
1361559607.419508 8862 336 80:1f:02:70:8d:0b f8:d1:11:5b:42:5a
1361559607.419860 8863 325 80:1f:02:70:8d:0b f8:d1:11:5b:42:5a
1361559607.420039 8864 336 80:1f:02:70:8d:0b f8:d1:11:5b:42:5a
1361559607.426282 8876 1552 ac:07:29:7a:5f:30 5a:83:70:40:7e:d6
1361559607.430692 8878 192 80:1f:02:70:8d:0b f8:d1:11:5b:42:5a
1361559607.432252 8880 202 80:1f:02:70:8d:0b f8:d1:11:5b:42:5a
1361559607.432852 8881 202 80:1f:02:70:8d:0b f8:d1:11:5b:42:5a
1361559607.434640 8883 202 80:1f:02:70:8d:0b f8:d1:11:5b:42:5a
1361559607.436768 8888 212 80:1f:02:70:8d:0b f8:d1:11:5b:42:5a
1361559607.436972 8889 314 80:1f:02:70:8d:0b f8:d1:11:5b:42:5a
1361559607.437170 8890 325 80:1f:02:70:8d:0b f8:d1:11:5b:42:5a
1361559607.437357 8891 336 80:1f:02:70:8d:0b f8:d1:11:5b:42:5a
1361559607.437673 8893 314 80:1f:02:70:8d:0b f8:d1:11:5b:42:5a
1361559607.437992 8894 314 80:1f:02:70:8d:0b f8:d1:11:5b:42:5a
1361559607.438300 8895 314 80:1f:02:70:8d:0b f8:d1:11:5b:42:5a
1361559607.438603 8897 314 80:1f:02:70:8d:0b f8:d1:11:5b:42:5a
1361559607.438907 8898 314 80:1f:02:70:8d:0b f8:d1:11:5b:42:5a
1361559607.439589 8900 325 80:1f:02:70:8d:0b f8:d1:11:5b:42:5a
1361559607.439948 8902 336 80:1f:02:70:8d:0b f8:d1:11:5b:42:5a
1361559607.441364 8905 314 80:1f:02:70:8d:0b f8:d1:11:5b:42:5a
1361559607.442675 8907 314 80:1f:02:70:8d:0b f8:d1:11:5b:42:5a
1361559607.442991 8909 325 80:1f:02:70:8d:0b f8:d1:11:5b:42:5a
1361559607.443713 8911 336 80:1f:02:70:8d:0b f8:d1:11:5b:42:5a
1361559607.444943 8913 222 80:1f:02:70:8d:0b f8:d1:11:5b:42:5a
1361559607.459562 8917 202 80:1f:02:70:8d:0b f8:d1:11:5b:42:5a
1361559607.462099 8921 212 80:1f:02:70:8d:0b f8:d1:11:5b:42:5a
1361559607.462300 8922 314 80:1f:02:70:8d:0b f8:d1:11:5b:42:5a
1361559607.463222 8924 325 80:1f:02:70:8d:0b f8:d1:11:5b:42:5a
1361559607.464410 8926 336 80:1f:02:70:8d:0b f8:d1:11:5b:42:5a
1361559607.465587 8928 314 80:1f:02:70:8d:0b f8:d1:11:5b:42:5a
1361559607.468454 8929 314 80:1f:02:70:8d:0b f8:d1:11:5b:42:5a
1361559607.474764 8933 314 80:1f:02:70:8d:0b f8:d1:11:5b:42:5a
1361559607.475627 8936 325 80:1f:02:70:8d:0b f8:d1:11:5b:42:5a
1361559607.475838 8937 336 80:1f:02:70:8d:0b f8:d1:11:5b:42:5a
1361559607.476029 8938 314 80:1f:02:70:8d:0b f8:d1:11:5b:42:5a
1361559607.476228 8939 325 80:1f:02:70:8d:0b f8:d1:11:5b:42:5a
1361559607.476442 8940 336 80:1f:02:70:8d:0b f8:d1:11:5b:42:5a
1361559607.476567 8941 222 80:1f:02:70:8d:0b f8:d1:11:5b:42:5a
1361559607.476880 8943 325 80:1f:02:70:8d:0b f8:d1:11:5b:42:5a
1361559607.477140 8945 232 80:1f:02:70:8d:0b f8:d1:11:5b:42:5a
1361559607.485476 8949 192 80:1f:02:70:8d:0b f8:d1:11:5b:42:5a
1361559607.488485 8953 212 80:1f:02:70:8d:0b f8:d1:11:5b:42:5a
1361559607.489119 8954 212 80:1f:02:70:8d:0b f8:d1:11:5b:42:5a
1361559607.489403 8956 314 80:1f:02:70:8d:0b f8:d1:11:5b:42:5a
1361559607.489726 8957 314 80:1f:02:70:8d:0b f8:d1:11:5b:42:5a
1361559607.490042 8958 314 80:1f:02:70:8d:0b f8:d1:11:5b:42:5a
1361559607.490347 8959 314 80:1f:02:70:8d:0b f8:d1:11:5b:42:5a
1361559607.491202 8962 325 80:1f:02:70:8d:0b f8:d1:11:5b:42:5a
1361559607.491501 8963 325 80:1f:02:70:8d:0b f8:d1:11:5b:42:5a
1361559607.491823 8965 336 80:1f:02:70:8d:0b f8:d1:11:5b:42:5a
1361559607.492759 8967 314 80:1f:02:70:8d:0b f8:d1:11:5b:42:5a
1361559607.493909 8969 325 80:1f:02:70:8d:0b f8:d1:11:5b:42:5a
1361559607.495234 8971 336 80:1f:02:70:8d:0b f8:d1:11:5b:42:5a
1361559607.495800 8972 336 80:1f:02:70:8d:0b f8:d1:11:5b:42:5a
1361559607.496456 8973 336 80:1f:02:70:8d:0b f8:d1:11:5b:42:5a
1361559607.497939 8974 336 80:1f:02:70:8d:0b f8:d1:11:5b:42:5a
1361559607.499874 8975 336 80:1f:02:70:8d:0b f8:d1:11:5b:42:5a
1361559607.500979 8979 314 80:1f:02:70:8d:0b f8:d1:11:5b:42:5a
1361559607.501230 8981 232 80:1f:02:70:8d:0b f8:d1:11:5b:42:5a
1361559607.513659 8987 192 80:1f:02:70:8d:0b f8:d1:11:5b:42:5a
1361559607.514050 8988 192 80:1f:02:70:8d:0b f8:d1:11:5b:42:5a
1361559607.514853 8989 192 80:1f:02:70:8d:0b f8:d1:11:5b:42:5a
1361559607.523379 8997 252 21:bd:99:e4:21:fd d7:22:7a:91:b9:6f
1361559607.523716 8999 325 80:1f:02:70:8d:0b f8:d1:11:5b:42:5a
1361559607.523911 9000 336 80:1f:02:70:8d:0b f8:d1:11:5b:42:5a
1361559607.524225 9002 314 80:1f:02:70:8d:0b f8:d1:11:5b:42:5a
1361559607.525519 9004 325 80:1f:02:70:8d:0b f8:d1:11:5b:42:5a
1361559607.526721 9006 336 80:1f:02:70:8d:0b f8:d1:11:5b:42:5a
1361559607.527823 9008 336 80:1f:02:70:8d:0b f8:d1:11:5b:42:5a
1361559607.529350 9010 336 80:1f:02:70:8d:0b f8:d1:11:5b:42:5a
1361559607.535701 9014 336 80:1f:02:70:8d:0b f8:d1:11:5b:42:5a
1361559607.536349 9018 232 80:1f:02:70:8d:0b f8:d1:11:5b:42:5a
1361559607.541213 9020 192 80:1f:02:70:8d:0b f8:d1:11:5b:42:5a
1361559607.542253 9022 202 80:1f:02:70:8d:0b f8:d1:11:5b:42:5a
1361559607.543409 9024 212 80:1f:02:70:8d:0b f8:d1:11:5b:42:5a
1361559607.543922 9025 212 80:1f:02:70:8d:0b f8:d1:11:5b:42:5a
1361559607.545093 9026 212 80:1f:02:70:8d:0b f8:d1:11:5b:42:5a
1361559607.545805 9027 212 80:1f:02:70:8d:0b f8:d1:11:5b:42:5a
1361559607.548676 9034 336 80:1f:02:70:8d:0b f8:d1:11:5b:42:5a
1361559607.549015 9036 314 80:1f:02:70:8d:0b f8:d1:11:5b:42:5a
1361559607.549289 9038 325 80:1f:02:70:8d:0b f8:d1:11:5b:42:5a
1361559607.550539 9040 336 80:1f:02:70:8d:0b f8:d1:11:5b:42:5a
1361559607.551742 9041 314 80:1f:02:70:8d:0b f8:d1:11:5b:42:5a
1361559607.553128 9043 325 80:1f:02:70:8d:0b f8:d1:11:5b:42:5a
1361559607.553645 9044 325 80:1f:02:70:8d:0b f8:d1:11:5b:42:5a
1361559607.554650 9045 325 80:1f:02:70:8d:0b f8:d1:11:5b:42:5a
1361559607.555670 9046 325 80:1f:02:70:8d:0b f8:d1:11:5b:42:5a
1361559607.556402 9049 232 80:1f:02:70:8d:0b f8:d1:11:5b:42:5a
1361559607.569929 9053 202 80:1f:02:70:8d:0b f8:d1:11:5b:42:5a
1361559607.570263 9054 202 80:1f:02:70:8d:0b f8:d1:11:5b:42:5a
1361559607.571160 9055 202 80:1f:02:70:8d:0b f8:d1:11:5b:42:5a
1361559607.572325 9056 202 80:1f:02:70:8d:0b f8:d1:11:5b:42:5a
1361559607.572582 9058 212 80:1f:02:70:8d:0b f8:d1:11:5b:42:5a
1361559607.572751 9059 314 80:1f:02:70:8d:0b f8:d1:11:5b:42:5a
1361559607.573010 9061 212 80:1f:02:70:8d:0b f8:d1:11:5b:42:5a
1361559607.573313 9063 325 80:1f:02:70:8d:0b f8:d1:11:5b:42:5a
1361559607.574653 9065 336 80:1f:02:70:8d:0b f8:d1:11:5b:42:5a
1361559607.575073 9066 336 80:1f:02:70:8d:0b f8:d1:11:5b:42:5a
1361559607.575806 9067 336 80:1f:02:70:8d:0b f8:d1:11:5b:42:5a
1361559607.577035 9068 336 80:1f:02:70:8d:0b f8:d1:11:5b:42:5a
1361559607.580213 9072 336 80:1f:02:70:8d:0b f8:d1:11:5b:42:5a
1361559607.580535 9074 314 80:1f:02:70:8d:0b f8:d1:11:5b:42:5a
1361559607.580716 9075 325 80:1f:02:70:8d:0b f8:d1:11:5b:42:5a
1361559607.580931 9076 336 80:1f:02:70:8d:0b f8:d1:11:5b:42:5a
1361559607.581110 9077 314 80:1f:02:70:8d:0b f8:d1:11:5b:42:5a
1361559607.581298 9078 325 80:1f:02:70:8d:0b f8:d1:11:5b:42:5a
1361559607.581641 9080 336 80:1f:02:70:8d:0b f8:d1:11:5b:42:5a
1361559607.581826 9081 314 80:1f:02:70:8d:0b f8:d1:11:5b:42:5a
1361559607.582147 9083 336 80:1f:02:70:8d:0b f8:d1:11:5b:42:5a
1361559607.584555 9084 232 80:1f:02:70:8d:0b f8:d1:11:5b:42:5a
1361559607.585427 9085 232 80:1f:02:70:8d:0b f8:d1:11:5b:42:5a
1361559607.585829 9086 232 80:1f:02:70:8d:0b f8:d1:11:5b:42:5a
1361559607.595883 9090 192 80:1f:02:70:8d:0b f8:d1:11:5b:42:5a
1361559607.596433 9091 192 80:1f:02:70:8d:0b f8:d1:11:5b:42:5a
1361559607.597120 9092 192 80:1f:02:70:8d:0b f8:d1:11:5b:42:5a
1361559607.597776 9093 192 80:1f:02:70:8d:0b f8:d1:11:5b:42:5a
1361559607.599949 9096 192 80:1f:02:70:8d:0b f8:d1:11:5b:42:5a
1361559607.601785 9097 192 80:1f:02:70:8d:0b f8:d1:11:5b:42:5a
1361559607.603583 9103 314 80:1f:02:70:8d:0b f8:d1:11:5b:42:5a
1361559607.603766 9104 325 80:1f:02:70:8d:0b f8:d1:11:5b:42:5a
1361559607.604063 9106 325 80:1f:02:70:8d:0b f8:d1:11:5b:42:5a
1361559607.604373 9107 325 80:1f:02:70:8d:0b f8:d1:11:5b:42:5a
1361559607.604890 9108 309 c0:22:ba:c4:e0:88 a8:f6:8d:46:03:81
1361559607.607787 9109 325 80:1f:02:70:8d:0b f8:d1:11:5b:42:5a
1361559607.608519 9113 314 80:1f:02:70:8d:0b f8:d1:11:5b:42:5a
1361559607.608728 9114 325 80:1f:02:70:8d:0b f8:d1:11:5b:42:5a
1361559607.608932 9115 336 80:1f:02:70:8d:0b f8:d1:11:5b:42:5a
1361559607.609133 9116 314 80:1f:02:70:8d:0b f8:d1:11:5b:42:5a
1361559607.609310 9117 325 80:1f:02:70:8d:0b f8:d1:11:5b:42:5a
1361559607.609640 9119 325 80:1f:02:70:8d:0b f8:d1:11:5b:42:5a
1361559607.609955 9121 336 80:1f:02:70:8d:0b f8:d1:11:5b:42:5a
1361559607.610527 9123 222 80:1f:02:70:8d:0b f8:d1:11:5b:42:5a
1361559607.623241 9128 192 80:1f:02:70:8d:0b f8:d1:11:5b:42:5a
1361559607.624345 9130 202 80:1f:02:70:8d:0b f8:d1:11:5b:42:5a
1361559607.625529 9132 212 80:1f:02:70:8d:0b f8:d1:11:5b:42:5a
1361559607.625890 9133 212 80:1f:02:70:8d:0b f8:d1:11:5b:42:5a
1361559607.626804 9135 314 80:1f:02:70:8d:0b f8:d1:11:5b:42:5a
1361559607.627305 9136 314 80:1f:02:70:8d:0b f8:d1:11:5b:42:5a
1361559607.627989 9137 314 80:1f:02:70:8d:0b f8:d1:11:5b:42:5a
1361559607.628478 9138 314 80:1f:02:70:8d:0b f8:d1:11:5b:42:5a
1361559607.631888 9143 325 80:1f:02:70:8d:0b f8:d1:11:5b:42:5a
1361559607.632099 9144 336 80:1f:02:70:8d:0b f8:d1:11:5b:42:5a
1361559607.632297 9145 314 80:1f:02:70:8d:0b f8:d1:11:5b:42:5a
1361559607.632523 9146 325 80:1f:02:70:8d:0b f8:d1:11:5b:42:5a
1361559607.632832 9148 325 80:1f:02:70:8d:0b f8:d1:11:5b:42:5a
1361559607.633003 9149 314 80:1f:02:70:8d:0b f8:d1:11:5b:42:5a
1361559607.633341 9151 325 80:1f:02:70:8d:0b f8:d1:11:5b:42:5a
1361559607.633653 9153 336 80:1f:02:70:8d:0b f8:d1:11:5b:42:5a
1361559607.633840 9154 314 80:1f:02:70:8d:0b f8:d1:11:5b:42:5a
1361559607.634170 9156 336 80:1f:02:70:8d:0b f8:d1:11:5b:42:5a
1361559607.635072 9158 325 80:1f:02:70:8d:0b f8:d1:11:5b:42:5a
1361559607.636624 9160 336 80:1f:02:70:8d:0b f8:d1:11:5b:42:5a
1361559607.637370 9162 222 80:1f:02:70:8d:0b f8:d1:11:5b:42:5a
1361559607.637966 9163 222 80:1f:02:70:8d:0b f8:d1:11:5b:42:5a
1361559607.638783 9164 222 80:1f:02:70:8d:0b f8:d1:11:5b:42:5a
1361559607.639997 9165 222 80:1f:02:70:8d:0b f8:d1:11:5b:42:5a
1361559607.641636 9169 232 80:1f:02:70:8d:0b f8:d1:11:5b:42:5a
1361559607.650240 9171 192 80:1f:02:70:8d:0b f8:d1:11:5b:42:5a
1361559607.650604 9172 192 80:1f:02:70:8d:0b f8:d1:11:5b:42:5a
1361559607.651586 9173 192 80:1f:02:70:8d:0b f8:d1:11:5b:42:5a
1361559607.652389 9174 192 80:1f:02:70:8d:0b f8:d1:11:5b:42:5a
1361559607.653335 9177 192 80:1f:02:70:8d:0b f8:d1:11:5b:42:5a
1361559607.653803 9179 354 86:25:86:02:89:c5 d7:22:7a:91:b9:5f
1361559607.654071 9181 212 80:1f:02:70:8d:0b f8:d1:11:5b:42:5a
1361559607.654249 9182 314 80:1f:02:70:8d:0b f8:d1:11:5b:42:5a
1361559607.654558 9184 325 80:1f:02:70:8d:0b f8:d1:11:5b:42:5a
1361559607.655981 9186 336 80:1f:02:70:8d:0b f8:d1:11:5b:42:5a
1361559607.657187 9187 336 80:1f:02:70:8d:0b f8:d1:11:5b:42:5a
1361559607.658375 9188 336 80:1f:02:70:8d:0b f8:d1:11:5b:42:5a
1361559607.658668 9190 314 80:1f:02:70:8d:0b f8:d1:11:5b:42:5a
1361559607.658856 9191 325 80:1f:02:70:8d:0b f8:d1:11:5b:42:5a
1361559607.659163 9193 325 80:1f:02:70:8d:0b f8:d1:11:5b:42:5a
1361559607.659480 9195 336 80:1f:02:70:8d:0b f8:d1:11:5b:42:5a
1361559607.660697 9197 314 80:1f:02:70:8d:0b f8:d1:11:5b:42:5a
1361559607.664026 9199 314 80:1f:02:70:8d:0b f8:d1:11:5b:42:5a
1361559607.664939 9202 325 80:1f:02:70:8d:0b f8:d1:11:5b:42:5a
1361559607.665106 9203 336 80:1f:02:70:8d:0b f8:d1:11:5b:42:5a
1361559607.665425 9205 336 80:1f:02:70:8d:0b f8:d1:11:5b:42:5a
1361559607.665676 9207 232 80:1f:02:70:8d:0b f8:d1:11:5b:42:5a
1361559607.677698 9210 192 80:1f:02:70:8d:0b f8:d1:11:5b:42:5a
1361559607.678795 9212 202 80:1f:02:70:8d:0b f8:d1:11:5b:42:5a
1361559607.679888 9214 212 80:1f:02:70:8d:0b f8:d1:11:5b:42:5a
1361559607.685902 9219 314 80:1f:02:70:8d:0b f8:d1:11:5b:42:5a
1361559607.686143 9220 325 80:1f:02:70:8d:0b f8:d1:11:5b:42:5a
1361559607.686354 9221 336 80:1f:02:70:8d:0b f8:d1:11:5b:42:5a
1361559607.686521 9222 314 80:1f:02:70:8d:0b f8:d1:11:5b:42:5a
1361559607.686702 9223 325 80:1f:02:70:8d:0b f8:d1:11:5b:42:5a
1361559607.687028 9225 336 80:1f:02:70:8d:0b f8:d1:11:5b:42:5a
1361559607.688179 9227 314 80:1f:02:70:8d:0b f8:d1:11:5b:42:5a
1361559607.688799 9228 314 80:1f:02:70:8d:0b f8:d1:11:5b:42:5a
1361559607.689140 9230 325 80:1f:02:70:8d:0b f8:d1:11:8b:44:5a
1361559607.690436 9232 336 80:1f:02:70:8d:0b f8:d1:11:5b:42:5a
1361559607.691483 9234 222 80:1f:02:70:8d:0b f8:d1:11:5b:42:5a
1361559607.692752 9236 232 80:1f:02:70:8d:0b f8:d1:11:5b:42:5a
1361559607.704340 9238 192 80:1f:02:70:8d:0b f8:d1:11:5b:42:5a
1361559607.705738 9240 202 80:1f:02:70:8d:0b f8:d1:11:5b:42:5a
1361559607.706668 9242 212 80:1f:02:70:8d:0b f8:d1:11:5b:42:5a
1361559607.707003 9243 212 80:1f:02:70:8d:0b f8:d1:11:5b:42:5a
1361559607.707657 9244 212 80:1f:02:70:8d:0b f8:d1:11:5b:42:5a
1361559607.708078 9245 212 80:1f:02:70:8d:0b f8:d1:11:5b:42:5a
1361559607.710106 9248 207 c0:22:ba:c4:e0:88 a8:7b:89:46:03:81
1361559607.711124 9252 325 80:1f:02:70:8d:0b f8:d1:11:5b:42:5a
1361559607.711733 9254 314 80:1f:02:70:8d:0b f8:d1:11:5b:42:5a
1361559607.712164 9255 314 80:1f:02:70:8d:0b f8:d1:11:5b:42:5a
1361559607.712660 9256 314 80:1f:02:70:8d:0b f8:d1:11:5b:42:5a
1361559607.716091 9259 325 80:1f:02:70:8d:0b f8:d1:11:5b:42:5a
1361559607.716274 9260 336 80:1f:02:70:8d:0b f8:d1:11:5b:42:5a
1361559607.716446 9261 314 80:1f:02:70:8d:0b f8:d1:11:5b:42:5a
1361559607.716761 9263 325 80:1f:02:70:8d:0b f8:d1:11:5b:42:5a
1361559607.717797 9265 336 80:1f:02:70:8d:0b f8:d1:11:5b:42:5a
1361559607.718875 9267 222 80:1f:02:70:8d:0b f8:d1:11:5b:42:5a
1361559607.731903 9274 192 80:1f:02:70:8d:0b f8:d1:11:5b:42:5a
1361559607.733506 9276 202 80:1f:02:70:8d:0b f8:d1:11:5b:42:5a
1361559607.734093 9277 202 80:1f:02:70:8d:0b f8:d1:11:5b:42:5a
1361559607.735523 9278 202 80:1f:02:70:8d:0b f8:d1:11:5b:42:5a
1361559607.737889 9279 202 80:1f:02:70:8d:0b f8:d1:11:5b:42:5a
1361559607.738094 9281 212 80:1f:02:70:8d:0b f8:d1:11:5b:42:5a
1361559607.738225 9282 314 80:1f:02:70:8d:0b f8:d1:11:5b:42:5a
1361559607.738343 9283 325 80:1f:02:70:8d:0b f8:d1:11:5b:42:5a
1361559607.739067 9285 314 80:1f:02:70:8d:0b f8:d1:11:5b:42:5a
1361559607.739184 9286 325 80:1f:02:70:8d:0b f8:d1:11:5b:42:5a
1361559607.739912 9288 314 80:1f:02:70:8d:0b f8:d1:11:5b:42:5a
1361559607.740109 9289 325 80:1f:02:70:8d:0b f8:d1:11:5b:42:5a
1361559607.741512 9293 336 80:1f:02:70:8d:0b f8:d1:11:5b:42:5a
1361559607.741954 9294 336 80:1f:02:70:8d:0b f8:d1:11:5b:42:5a
1361559607.742692 9295 336 80:1f:02:70:8d:0b f8:d1:11:5b:42:5a
1361559607.743397 9296 336 80:1f:02:70:8d:0b f8:d1:11:5b:42:5a
1361559607.753397 9307 336 80:1f:02:70:8d:0b f8:d1:11:5b:42:5a
1361559607.756369 9308 336 80:1f:02:70:8d:0b f8:d1:11:5b:42:5a
1361559607.757101 9312 314 80:1f:02:70:8d:0b f8:d1:11:5b:42:5a
1361559607.757301 9313 325 80:1f:02:70:8d:0b f8:d1:11:5b:42:5a
1361559607.757508 9314 336 80:1f:02:70:8d:0b f8:d1:11:5b:42:5a
1361559607.757651 9315 222 80:1f:02:70:8d:0b f8:d1:11:5b:42:5a
1361559607.757775 9316 232 80:1f:02:70:8d:0b f8:d1:11:5b:42:5a
1361559607.758041 9318 232 80:1f:02:70:8d:0b f8:d1:11:5b:42:5a
1361559607.758309 9319 232 80:1f:02:70:8d:0b f8:d1:11:5b:42:5a
1361559607.758568 9320 232 80:1f:02:70:8d:0b f8:d1:11:5b:42:5a
1361559607.761149 9321 232 80:1f:02:70:8d:0b f8:d1:11:5b:42:5a
1361559607.762056 9325 297 1e:9e:82:bd:e2:c1 1b:a9:83:cc:06:4c
1361559607.762757 9327 314 80:1f:02:70:8d:0b f8:d1:11:5b:42:5a
1361559607.763309 9329 314 80:1f:02:70:8d:0b f8:d1:11:5b:42:5a
1361559607.763934 9331 325 80:1f:02:70:8d:0b f8:d1:11:5b:42:5a
1361559607.765155 9333 336 80:1f:02:70:8d:0b f8:d1:11:5b:42:5a
1361559607.766408 9335 314 80:1f:02:70:8d:0b f8:d1:11:5b:42:5a
1361559607.768365 9339 325 80:1f:02:70:8d:0b f8:d1:11:5b:42:5a
1361559607.768679 9341 336 80:1f:02:70:8d:0b f8:d1:11:5b:42:5a
1361559607.769021 9342 336 80:1f:02:70:8d:0b f8:d1:11:5b:42:5a
1361559607.769353 9343 336 80:1f:02:70:8d:0b f8:d1:11:5b:42:5a
1361559607.769675 9344 336 80:1f:02:70:8d:0b f8:d1:11:5b:42:5a
1361559607.770219 9345 336 80:1f:02:70:8d:0b f8:d1:11:5b:42:5a
1361559607.770521 9347 314 80:1f:02:70:8d:0b f8:d1:11:5b:42:5a
1361559607.770863 9349 325 80:1f:02:70:8d:0b f8:d1:11:5b:42:5a
1361559607.772289 9351 336 80:1f:02:70:8d:0b f8:d1:11:5b:42:5a
1361559607.773430 9353 222 80:1f:02:70:8d:0b f8:d1:11:5b:42:5a
1361559607.774626 9355 232 80:1f:02:70:8d:0b f8:d1:11:5b:42:5a
1361559607.775065 9356 232 80:1f:02:70:8d:0b f8:d1:11:5b:42:5a
1361559607.775481 9357 232 80:1f:02:70:8d:0b f8:d1:11:5b:42:5a
1361559607.788160 9366 202 80:1f:02:70:8d:0b f8:d1:11:5b:42:5a
1361559607.789351 9369 212 80:1f:02:70:8d:0b f8:d1:11:5b:42:5a
1361559607.790590 9371 314 80:1f:02:70:8d:0b f8:d1:11:5b:42:5a
1361559607.791802 9373 325 80:1f:02:70:8d:0b f8:d1:11:5b:42:5a
1361559607.792438 9374 325 80:1f:02:70:8d:0b f8:d1:11:5b:42:5a
1361559607.793076 9376 325 80:1f:02:70:8d:0b f8:d1:11:5b:42:5a
1361559607.797294 9381 336 80:1f:02:70:8d:0b f8:d1:11:5b:42:5a
1361559607.797511 9382 314 80:1f:02:70:8d:0b f8:d1:11:5b:42:5a
1361559607.797703 9383 325 80:1f:02:70:8d:0b f8:d1:11:5b:42:5a
1361559607.797888 9384 336 80:1f:02:70:8d:0b f8:d1:11:5b:42:5a
1361559607.802242 9389 1552 a3:82:22:aa:a9:1a b7:ab:52:86:61:9e
1361559607.802873 9390 232 80:1f:02:70:8d:0b f8:d1:11:5b:42:5a
1361559607.810154 9396 1552 b0:22:0d:74:e9:64 2d:b4:dc:f5:90:82
1361559607.812397 9398 14 27:f9:60:36:db:17 6e:7e:87:23:80:28
1361559607.814027 9400 192 80:1f:02:70:8d:0b f8:d1:11:5b:42:5a
1361559607.815350 9402 202 80:1f:02:70:8d:0b f8:d1:11:5b:42:5a
1361559607.818428 9405 314 80:1f:02:70:8d:0b f8:d1:11:5b:42:5a
1361559607.818952 9406 314 80:1f:02:70:8d:0b f8:d1:11:5b:42:5a
1361559607.820034 9408 314 80:1f:02:70:8d:0b f8:d1:11:5b:42:5a
1361559607.820375 9409 14 2a:db:fb:b2:37:c0 40:a2:8d:af:1d:52
1361559607.827756 9415 314 80:1f:02:70:8d:0b f8:d1:11:5b:42:5a
1361559607.828576 9419 325 80:1f:02:70:8d:0b f8:d1:11:5b:42:5a
1361559607.828784 9420 336 80:1f:02:70:8d:0b f8:d1:11:5b:42:5a
1361559607.828980 9421 314 80:1f:02:70:8d:0b f8:d1:11:5b:42:5a
1361559607.829193 9422 325 80:1f:02:70:8d:0b f8:d1:11:5b:42:5a
1361559607.829376 9423 336 80:1f:02:70:8d:0b f8:d1:11:5b:42:5a
1361559607.829717 9425 325 80:1f:02:70:8d:0b f8:d1:11:5b:42:5a
1361559607.829914 9426 336 80:1f:02:70:8d:0b f8:d1:11:5b:42:5a
1361559607.830255 9427 325 80:1f:02:70:8d:0b f8:d1:11:5b:42:5a
1361559607.830453 9428 336 80:1f:02:70:8d:0b f8:d1:11:5b:42:5a
1361559607.830786 9429 325 80:1f:02:70:8d:0b f8:d1:11:5b:42:5a
1361559607.830973 9430 336 80:1f:02:70:8d:0b f8:d1:11:5b:42:5a
1361559607.831540 9431 325 80:1f:02:70:8d:0b f8:d1:11:5b:42:5a
1361559607.831921 9432 336 80:1f:02:70:8d:0b f8:d1:11:5b:42:5a
1361559607.835767 9436 336 80:1f:02:70:8d:0b f8:d1:11:5b:42:5a
1361559607.836112 9438 14 e1:62:e9:d4:37:c0 28:0d:fc:58:52:51
1361559607.836552 9441 314 80:1f:02:70:8d:0b f8:d1:11:5b:42:5a
1361559607.836752 9442 325 80:1f:02:70:8d:0b f8:d1:11:5b:42:5a
1361559607.836958 9443 336 80:1f:02:70:8d:0b f8:d1:11:5b:42:5a
1361559607.837106 9444 222 80:1f:02:70:8d:0b f8:d1:11:5b:42:5a
1361559607.837226 9445 232 80:1f:02:70:8d:0b f8:d1:11:5b:42:5a
1361559607.837753 9447 14 00:00:0e:00:00:00 27:51:36:c9:0c:00
1361559607.842181 9451 192 80:1f:02:70:8d:0b f8:d1:11:5b:42:5a
1361559607.843350 9453 202 80:1f:02:70:8d:0b f8:d1:11:5b:42:5a
1361559607.844541 9455 212 80:1f:02:70:8d:0b f8:d1:11:5b:42:5a
1361559607.845753 9457 314 80:1f:02:70:8d:0b f8:d1:11:5b:42:5a
1361559607.846977 9459 325 80:1f:02:70:8d:0b f8:d1:11:5b:42:5a
1361559607.847460 9460 325 80:1f:02:70:8d:0b f8:d1:11:5b:42:5a
1361559607.848402 9461 325 80:1f:02:70:8d:0b f8:d1:11:5b:42:5a
1361559607.849374 9462 325 80:1f:02:70:8d:0b f8:d1:11:5b:42:5a
1361559607.849718 9464 336 80:1f:02:70:8d:0b f8:d1:11:5b:42:5a
1361559607.849886 9465 314 80:1f:02:70:8d:0b f8:d1:11:5b:42:5a
1361559607.850498 9467 325 80:1f:02:70:8d:0b f8:d1:11:5b:42:5a
1361559607.851625 9469 336 80:1f:02:70:8d:0b f8:d1:11:5b:42:5a
1361559607.852107 9470 336 80:1f:02:70:8d:0b f8:d1:11:5b:42:5a
1361559607.853964 9473 336 80:1f:02:70:8d:0b f8:d1:11:5b:42:5a
1361559607.854372 9474 1552 6d:29:58:01:8b:fc 68:c3:46:37:a6:7e
1361559607.870234 9483 1552 31:38:9b:bb:c1:59 02:a2:33:70:e1:2a
1361559607.870576 9484 1304 df:c6:6f:8e:40:d3 cd:11:5f:10:69:77
1361559607.871065 9485 1552 76:0b:36:52:8c:f6 19:00:03:ad:56:22
1361559607.884672 9496 336 80:1f:02:70:8d:0b f8:d1:11:5b:42:5a
1361559607.892942 9509 363 c1:37:e0:33:ce:07 d7:f8:c2:ef:dd:04
1361559607.893261 9511 336 80:1f:02:70:8d:0b f8:d1:11:5b:42:5a
1361559607.893832 9512 336 80:1f:02:70:8d:0b f8:d1:11:5b:42:5a
1361559607.894112 9514 212 80:1f:02:70:8d:0b f8:d1:11:5b:42:5a
1361559607.894222 9515 248 80:1f:02:70:8d:0b f8:d1:11:5b:42:5a
1361559607.894396 9516 259 80:1f:02:70:8d:0b f8:d1:11:5b:42:5a
1361559607.894572 9517 270 80:1f:02:70:8d:0b f8:d1:11:5b:42:5a
1361559607.894710 9518 248 80:1f:02:70:8d:0b f8:d1:11:5b:42:5a
1361559607.894880 9519 259 80:1f:02:70:8d:0b f8:d1:11:5b:42:5a
1361559607.895030 9520 270 80:1f:02:70:8d:0b f8:d1:11:5b:42:5a
1361559607.895541 9524 212 80:1f:02:70:8d:0b f8:d1:11:5b:42:5a
1361559607.895705 9525 248 80:1f:02:70:8d:0b f8:d1:11:5b:42:5a
1361559607.895862 9526 259 80:1f:02:70:8d:0b f8:d1:11:5b:42:5a
1361559607.896026 9527 270 80:1f:02:70:8d:0b f8:d1:11:5b:42:5a
1361559607.896181 9528 259 80:1f:02:70:8d:0b f8:d1:11:5b:42:5a
1361559607.896459 9530 129 34:f3:29:6e:da:cc 1b:a9:83:cc:06:4c
1361559607.896733 9532 248 80:1f:02:70:8d:0b f8:d1:11:5b:42:5a
1361559607.896903 9533 259 80:1f:02:70:8d:0b f8:d1:11:5b:42:5a
1361559607.897076 9534 270 80:1f:02:70:8d:0b f8:d1:11:5b:42:5a
1361559607.897214 9535 222 80:1f:02:70:8d:0b f8:d1:11:5b:42:5a
1361559607.897358 9536 232 80:1f:02:70:8d:0b f8:d1:11:5b:42:5a
1361559607.897459 9537 192 80:1f:02:70:8d:0b f8:d1:11:5b:42:5a
1361559607.897728 9539 248 80:1f:02:70:8d:0b f8:d1:11:5b:42:5a
1361559607.897963 9541 202 80:1f:02:70:8d:0b f8:d1:11:5b:42:5a
1361559607.899168 9543 212 80:1f:02:70:8d:0b f8:d1:11:5b:42:5a
1361559607.900367 9545 248 80:1f:02:70:8d:0b f8:d1:11:5b:42:5a
1361559607.901625 9547 129 9c:d1:3a:9a:da:cc d7:22:7a:91:b9:27
1361559607.902751 9549 270 80:1f:02:70:8d:0b f8:d1:11:5b:42:5a
1361559607.903994 9552 248 80:1f:02:70:8d:0b f8:d1:11:5b:42:5a
1361559607.905150 9554 259 80:1f:02:70:8d:0b f8:d1:71:55:71:e5
1361559607.908207 9560 255 7c:d0:3d:06:9c:16 1b:a9:79:91:b9:27
1361559607.908475 9562 129 9c:d1:3a:9a:da:cc d7:22:7a:91:b9:27
1361559607.909857 9564 270 80:1f:02:70:8d:0b f8:d1:11:5b:42:5a
1361559607.911050 9566 222 80:1f:02:70:8d:0b f8:d1:11:5b:42:5a
1361559607.912284 9568 232 80:1f:02:70:8d:0b f8:d1:11:5b:42:5a
1361559607.912881 9569 232 80:1f:02:70:8d:0b f8:d1:11:5b:42:5a
1361559607.913595 9570 232 80:1f:02:70:8d:0b f8:d1:11:5b:42:5a
1361559607.916490 9574 1304 d0:9e:2c:f3:cb:ee f0:c7:0e:71:43:0a
1361559607.923223 9579 14 31:19:6a:9e:37:c0 28:0d:04:e3:91:3e
1361559607.924467 9582 192 80:1f:02:70:8d:0b f8:d1:11:5b:42:5a
1361559607.927561 9585 202 80:1f:02:70:8d:0b f8:d1:11:5b:42:5a
1361559607.928259 9586 202 80:1f:02:70:8d:0b f8:d1:11:5b:42:5a
1361559607.931618 9593 248 80:1f:02:70:8d:0b f8:d1:11:5b:42:5a
1361559607.931749 9594 270 80:1f:02:70:8d:0b f8:d1:11:5b:42:5a
1361559607.931999 9595 248 80:1f:02:70:8d:0b f8:d1:11:5b:42:5a
1361559607.932074 9596 270 80:1f:02:70:8d:0b f8:d1:11:5b:42:5a
1361559607.932296 9597 248 80:1f:02:70:8d:0b f8:d1:11:5b:42:5a
1361559607.932398 9598 270 80:1f:02:70:8d:0b f8:d1:11:5b:42:5a
1361559607.932848 9599 252 32:10:34:fb:c8:00 d7:22:7a:91:ca:f7
1361559607.933274 9601 249 32:90:3d:06:9c:96 d7:22:7a:91:ca:f7
1361559607.933543 9603 129 0b:e1:9a:f8:da:cc 1b:a9:83:cc:56:7d
1361559607.934218 9605 270 80:1f:02:70:8d:0b f8:d1:11:5b:42:5a
1361559607.936614 9609 129 9c:d1:3a:9a:da:cc d7:22:7a:91:b9:27
1361559607.937946 9611 270 80:1f:02:70:8d:0b f8:d1:11:5b:42:5a
1361559607.939106 9614 222 80:1f:02:70:8d:0b f8:d1:11:5b:42:5a
1361559607.940054 9615 222 80:1f:02:70:8d:0b f8:d1:11:5b:02:a7
1361559607.940327 9617 232 80:1f:02:70:8d:0b f8:d1:11:5b:42:5a
1361559607.951650 9621 192 80:1f:02:70:8d:0b f8:d1:11:5b:42:5a
1361559607.951994 9622 192 80:1f:02:70:8d:0b f8:d1:11:5b:42:5a
1361559607.952347 9623 192 80:1f:02:70:8d:0b f8:d1:11:5b:42:5a
1361559607.953279 9626 192 80:1f:02:70:8d:0b f8:d1:11:5b:42:5a
1361559607.953841 9629 192 80:1f:02:70:8d:0b f8:d1:11:5b:42:5a
1361559607.954466 9633 212 80:1f:02:70:8d:0b f8:d1:11:5b:42:5a
1361559607.955121 9635 248 80:1f:02:70:8d:0b f8:d1:11:5b:42:5a
1361559607.956348 9637 259 80:1f:02:70:8d:0b f8:d1:11:5b:42:5a
1361559607.957543 9642 270 80:1f:02:70:8d:0b f8:d1:11:5b:42:5a
1361559607.957939 9646 14 6c:ce:22:9e:37:c0 27:51:1d:a1:0e:00
1361559607.958749 9647 248 80:1f:02:70:8d:0b f8:d1:11:5b:42:5a
1361559607.959871 9650 129 9c:d1:3a:9a:da:cc d7:22:7a:91:b9:27
1361559607.961060 9654 135 9c:d1:3a:9a:da:cc ef:47:79:91:b9:27
1361559607.962226 9656 248 80:1f:02:70:8d:0b f8:d1:11:5b:42:5a
1361559607.963478 9659 129 9c:d1:3a:9a:da:cc df:45:79:91:b9:27
1361559607.963860 9661 259 80:1f:02:70:8d:0b f8:d1:11:5b:42:5a
1361559607.964346 9662 14 d3:72:5a:4d:d7:e0 5e:3f:d2:47:82:00
1361559607.965356 9664 129 34:f3:29:6e:da:cc 1b:a9:83:cc:06:4c
1361559607.965647 9666 270 80:1f:02:70:8d:0b f8:d1:11:5b:42:5a
1361559607.965769 9667 222 80:1f:02:70:8d:0b f8:d1:11:5b:42:5a
1361559607.966862 9670 232 80:1f:02:70:8d:0b f8:d1:11:5b:42:5a
1361559607.967420 9673 232 80:1f:02:70:8d:0b f8:d1:11:5b:42:5a
1361559607.968990 9674 232 80:1f:02:70:8d:0b f8:d1:11:5b:42:5a
1361559607.973949 9679 1552 25:89:69:02:51:82 2a:f7:72:fd:a4:a5
1361559607.980364 9683 202 80:1f:02:70:8d:0b f8:d1:11:5b:42:5a
1361559607.980648 9685 14 00:00:0e:00:00:00 27:51:58:f7:0e:00
1361559607.984116 9692 129 9c:d1:3a:9a:da:cc d7:22:7a:91:b9:27
1361559607.985398 9694 135 98:d8:28:6e:da:cc d7:22:7a:31:28:aa
1361559607.986621 9698 248 80:1f:02:70:8d:0b f8:d1:11:5b:42:5a
1361559607.986994 9700 1552 1c:74:c6:06:63:7b ed:64:7f:01:59:48
1361559607.987944 9701 129 9c:d1:3a:9a:da:cc d7:22:7a:91:b9:27
1361559607.989127 9702 270 80:1f:02:70:8d:0b f8:d1:11:5b:42:5a
1361559607.989522 9703 270 80:1f:02:70:8d:0b f8:d1:11:5b:42:5a
1361559607.990388 9704 270 80:1f:02:70:8d:0b f8:d1:11:5b:42:5a
1361559607.993124 9706 270 80:1f:02:70:8d:0b f8:d1:11:5b:42:5a
1361559607.993363 9707 270 80:1f:02:70:8d:0b f8:d1:11:5b:42:5a
1361559607.995248 9711 232 80:1f:02:70:8d:0b f8:d1:11:5b:42:5a
1361559607.995709 9713 1552 6d:9f:6d:44:57:b5 1b:fa:75:2a:8c:3a
1361559607.997375 9715 728 e9:cb:3c:7b:21:f7 31:ac:63:d2:fa:9d
1361559607.999189 9718 1552 39:59:af:e0:de:09 6d:fc:7e:56:bc:4c
1361559608.7535 9723 192 80:1f:02:70:8d:0b f8:d1:11:5b:42:5a
1361559608.8728 9725 202 80:1f:02:70:8d:0b f8:d1:11:5b:42:5a
1361559608.9919 9727 212 80:1f:02:70:8d:0b f8:d1:11:5b:42:5a
1361559608.11124 9729 248 80:1f:02:70:8d:0b f8:d1:11:5b:42:5a
1361559608.12284 9732 129 9c:d1:7d:ac:46:46 d7:22:7a:91:b9:27
1361559608.13551 9734 1552 09:9f:e4:a3:88:cd 69:77:eb:d7:76:79
1361559608.15224 9736 248 80:1f:02:70:8d:0b f8:d1:11:5b:42:5a
1361559608.15349 9737 14 27:51:f5:3d:00:00 33:52:15:a0:ba:44
1361559608.15861 9738 248 80:1f:02:70:8d:0b f8:d1:11:5b:42:5a
1361559608.16123 9740 129 9c:d1:3a:9a:da:cc d7:22:7a:91:b9:27
1361559608.17096 9743 270 80:1f:02:70:8d:0b f8:d1:11:5b:42:5a
1361559608.17566 9745 14 6c:b6:b5:9e:38:c0 28:0d:fc:58:ba:d8
1361559608.18261 9747 248 80:1f:02:70:8d:0b f8:d1:11:5b:42:5a
1361559608.19487 9749 259 80:1f:02:70:8d:0b f8:d1:11:5b:42:5a
1361559608.23725 9753 232 80:1f:02:70:8d:0b f8:d1:11:5b:42:5a
1361559608.35270 9760 192 80:1f:02:70:8d:0b f8:d1:11:5b:42:5a
1361559608.35714 9761 192 80:1f:02:70:8d:0b f8:d1:11:5b:42:5a
1361559608.36461 9762 192 80:1f:02:70:8d:0b f8:d1:11:5b:42:5a
1361559608.37476 9763 192 80:1f:02:70:8d:0b f8:d1:11:5b:42:5a
1361559608.38935 9767 248 80:1f:02:70:8d:0b f8:d1:11:5b:42:5a
1361559608.40126 9771 129 9c:d1:3a:9a:da:cc d7:22:7a:91:b9:27
1361559608.41363 9774 270 80:1f:02:70:8d:0b f8:d1:11:5b:42:5a
1361559608.42590 9777 248 80:1f:02:70:8d:0b f8:d1:11:5b:42:5a
1361559608.43743 9779 129 9c:d1:3a:9a:da:cc d7:22:7a:91:b9:27
1361559608.45124 9781 270 80:1f:02:70:8d:0b f8:d1:11:5b:42:5a
1361559608.45496 9782 270 80:1f:02:70:8d:0b f8:d1:11:5b:42:5a
1361559608.45777 9783 270 80:1f:02:70:8d:0b f8:d1:11:5b:42:5a
1361559608.47109 9784 270 80:1f:02:70:8d:0b f8:d1:11:5b:42:5a
1361559608.49840 9791 222 80:1f:02:70:8d:0b f8:d1:11:5b:42:5a
1361559608.51041 9793 232 80:1f:02:70:8d:0b f8:d1:11:5b:42:5a
1361559608.56781 9802 14 6d:61:96:d7:74:12 3f:6e:d9:a0:4c:33
1361559608.63381 9808 192 80:1f:02:70:8d:0b f8:d1:11:5b:42:5a
1361559608.65148 9811 202 80:1f:02:70:8d:0b f8:d1:11:5b:42:5a
1361559608.67268 9814 202 80:1f:02:70:8d:0b f8:d1:11:5b:42:5a
1361559608.69089 9818 212 80:1f:02:70:8d:0b f8:d1:11:5b:42:5a
1361559608.69209 9819 248 80:1f:02:70:8d:0b f8:d1:11:5b:42:5a
1361559608.69387 9820 259 80:1f:02:70:8d:0b f8:d1:11:5b:42:5a
1361559608.69643 9822 270 80:1f:02:70:8d:0b f8:d1:11:5b:42:5a
1361559608.70553 9824 248 80:1f:02:70:8d:0b f8:d1:11:5b:42:5a
1361559608.71635 9826 129 9c:d1:3a:9a:da:cc d7:22:7a:91:b9:27
1361559608.74010 9829 248 80:1f:02:70:8d:0b f8:d1:11:5b:42:5a
1361559608.75284 9831 129 9c:d1:3a:9a:da:cc d7:22:7a:91:b9:27
1361559608.76459 9833 270 80:1f:02:70:8d:0b f8:d1:11:5b:42:5a
1361559608.77606 9835 222 80:1f:02:70:8d:0b f8:d1:11:5b:42:5a
1361559608.78801 9837 232 80:1f:02:70:8d:0b f8:d1:11:5b:42:5a
1361559608.96032 9845 414 1e:9e:82:bd:e2:c1 1b:a9:83:cc:06:4c
1361559608.96248 9847 192 80:1f:02:70:8d:0b f8:d1:11:5b:42:5a
1361559608.96356 9848 212 80:1f:02:70:8d:0b f8:d1:11:5b:42:5a
1361559608.96651 9849 192 80:1f:02:70:8d:0b f8:d1:11:5b:42:5a
1361559608.96884 9851 129 9c:d1:3a:9a:da:cc d7:22:7a:91:b9:27
1361559608.97135 9853 135 9c:d1:3a:9a:da:cc d7:ba:79:91:b9:27
1361559608.98518 9856 248 80:1f:02:70:8d:0b f8:d1:11:5b:42:5a
1361559608.99855 9858 259 80:1f:02:70:8d:0b f8:d1:11:5b:42:5a
1361559608.101118 9860 270 80:1f:02:70:8d:0b f8:d1:11:5b:42:5a
1361559608.102355 9862 248 80:1f:02:70:8d:0b f8:d1:11:5b:42:5a
1361559608.103517 9865 129 9c:d1:3a:9a:da:cc d7:22:7a:91:b9:27
1361559608.104795 9867 270 80:1f:02:70:8d:0b f8:d1:11:5b:42:5a
1361559608.105647 9870 268 74:ac:c5:fe:5e:0f 84:22:11:f5:ae:8e
1361559608.107245 9872 232 80:1f:02:70:8d:0b f8:d1:11:5b:42:5a
1361559608.109427 9876 1552 33:d8:11:23:62:3c 2b:9b:16:9f:85:45
1361559608.110056 9879 1552 76:4c:ec:c9:11:8b b0:6a:82:f2:22:c9
1361559608.113971 9882 1552 01:74:70:ae:2b:e5 70:ed:99:7f:0a:7b
1361559608.119387 9897 192 80:1f:02:70:8d:0b f8:d1:11:5b:42:5a
1361559608.120375 9900 1552 e4:3b:b9:36:db:29 6c:67:52:83:05:c1
1361559608.120581 9901 202 80:1f:02:70:8d:0b f8:d1:11:5b:42:5a
1361559608.121161 9903 1304 03:e7:78:70:bc:eb 2c:2f:33:2e:e8:07
1361559608.121796 9905 212 80:1f:02:70:8d:0b f8:d1:11:5b:42:5a
1361559608.122972 9908 248 80:1f:02:70:8d:0b f8:d1:11:5b:42:5a
1361559608.125911 9911 270 80:1f:02:70:8d:0b f8:d1:11:5b:42:5a
1361559608.126474 9912 1552 52:d8:f9:bc:96:e6 94:8f:2d:f8:b9:a9
1361559608.127481 9913 135 34:f3:29:6e:da:cc 1b:a9:83:cc:06:4c
1361559608.134780 9919 124 20:c9:d0:42:45:13 ff:ff:ff:2a:fd:99
1361559608.135772 9920 14 6c:ce:7c:84:38:c0 27:51:dd:12:02:00
1361559608.135901 9921 14 00:00:0e:00:00:00 27:51:bc:21:02:00
1361559608.143649 9927 1552 a7:f5:8a:15:43:d0 64:f6:38:3e:c9:c7
1361559608.155608 9931 1552 b3:31:d0:a1:2b:a1 9c:29:82:bc:0e:a7
1361559608.156679 9932 1304 ed:e7:c9:68:b4:07 02:36:96:ea:a8:af
1361559608.157280 9934 1552 85:88:45:c5:f4:d3 bc:00:34:be:4d:2f
1361559608.159800 9937 1552 c1:ce:f5:ec:b3:bf d0:cc:d1:32:8a:5b
1361559608.163567 9940 1552 1e:c9:06:84:58:d1 0d:ce:c3:53:47:88
1361559608.178231 9960 1552 a5:cb:81:42:10:69 4b:58:ec:5d:87:2b
1361559608.181533 9965 1552 50:79:bc:ae:de:2e 3f:b5:91:14:71:c0
1361559608.191103 9976 14 62:bd:22:9e:ba:34 0e:d0:3d:6e:67:98
1361559608.194576 9978 14 21:59:36:33:38:c0 4e:b9:a6:b1:60:98
1361559608.197770 9982 1552 14:fe:03:77:01:ce 1f:3a:fc:c8:f8:b6
1361559608.208254 9992 1552 c5:dc:82:b1:27:19 c0:fa:e2:c6:bf:1e
1361559608.210001 9994 14 00:00:0e:00:00:00 27:51:ef:34:03:00
1361559608.211701 9999 1304 b6:6c:9f:47:9a:a7 28:27:3d:d1:53:05
1361559608.213509 10001 1552 5a:7f:22:e2:cb:68 35:1c:43:a5:39:9a
1361559608.214869 10005 1552 9a:f3:98:72:96:c0 60:7b:1f:f3:aa:28
1361559608.217627 10008 1552 e6:24:cb:ef:4b:14 88:8e:57:b7:17:b3
1361559608.219570 10010 1552 55:82:bf:55:5a:9e 91:07:c8:be:53:4b
1361559608.228860 10017 1304 36:1d:4d:66:e1:5a f8:42:24:08:6a:d0
1361559608.241915 10026 14 8a:51:6a:73:38:c0 71:2f:b8:25:c4:84
1361559608.245895 10031 14 6c:ce:22:9e:97:57 b9:c4:86:a6:57:18
1361559608.278639 10056 1552 df:88:c2:df:8a:6a e3:00:f4:dc:56:66
1361559608.279111 10058 14 7d:02:23:9e:b5:15 86:a1:26:64:97:07
1361559608.290685 10068 1552 e3:37:94:91:22:c6 9c:27:dd:6f:60:6c
1361559608.299950 10072 1552 15:ec:74:7b:59:6b 93:ef:35:46:ba:c7
1361559608.301059 10074 1552 49:f0:58:83:b4:fb 50:e9:3c:d4:c2:5c
1361559608.304725 10079 1552 d5:66:6b:ad:11:30 e3:67:b8:c9:35:8c
1361559608.312900 10086 1304 5a:9b:ac:29:f3:1e bf:34:c8:7d:c6:f0
1361559608.317456 10093 1552 d7:a8:09:db:9e:40 e9:ba:d7:0b:aa:58
1361559608.322431 10101 1304 84:a8:a1:79:30:8c 55:27:af:f2:43:93
1361559608.324891 10105 1552 dd:d8:81:de:63:cb 09:3d:20:28:af:3f
1361559608.325763 10107 892 0d:62:c1:7c:14:72 5b:9d:66:f2:1f:b7
1361559608.330851 10111 14 00:00:0e:00:00:00 27:51:f7:0c:05:00
1361559608.344038 10123 14 6c:ce:22:9e:f6:29 0f:0d:fc:58:1a:ad
1361559608.344492 10124 1552 3e:33:bc:50:d6:ac 09:44:84:49:1e:6d
1361559608.346742 10127 1412 1b:70:96:fc:81:e6 aa:80:55:da:71:8b
1361559608.354159 10133 1552 21:a5:cb:3d:b5:b7 a3:0d:e4:65:e7:3a
1361559608.356313 10137 14 00:00:0e:00:00:00 27:51:57:7b:05:00
1361559608.373010 10150 1552 92:47:c9:7c:66:3e 5f:70:05:1c:3e:32
1361559608.373192 10151 14 27:51:d3:b3:05:00 b6:2b:7d:90:52:e4
1361559608.384091 10163 1552 fb:28:b3:94:b8:9e fa:9a:07:3c:ce:c5
1361559608.407004 10176 1552 c5:0b:54:28:6e:a9 db:2f:28:64:22:96
1361559608.407065 10177 14 e5:59:9d:b1:46:6a db:2f:28:64:22:96
1361559608.407835 10178 1552 af:27:ab:e2:9b:66 cc:ca:0e:5d:f0:fe
1361559608.411511 10183 1304 58:91:53:3e:25:c2 a3:7e:d1:cf:1a:4a
1361559608.418448 10190 14 5e:fb:35:91:c0:7e 15:b7:24:0d:6e:83
1361559608.420044 10193 892 74:86:8a:73:7e:a2 c8:28:9c:35:44:7e
1361559608.425813 10196 1552 ef:af:36:81:bd:86 b5:c4:9b:1e:45:3a
1361559608.428821 10202 1552 9d:aa:19:15:2e:79 c5:e2:47:5f:38:c6
1361559608.442719 10208 348 28:e0:2c:b8:f4:aa 01:00:5e:00:00:fb
1361559608.444506 10209 368 28:e0:2c:b8:f4:aa 33:33:00:00:00:fb
1361559608.478427 10216 14 6c:ce:22:9e:38:c0 28:0d:fc:58:ba:d8
1361559608.478940 10217 14 4f:ce:22:9e:74:08 54:8f:14:9b:68:62
1361559608.498241 10235 14 00:00:77:00:00:00 27:51:f8:a9:07:00
1361559608.509568 10239 14 27:51:6e:c7:07:00 93:59:d8:94:1b:c6
1361559608.830579 10276 28 00:23:6c:88:2f:ba 00:0d:93:8a:98:81
1361559608.956261 10307 14 00:00:0e:00:00:00 27:51:18:c8:0e:00
1361559608.973188 10310 110 00:25:90:24:bb:c1 48:60:bc:42:3b:29
1361559609.97813 10321 84 00:25:90:24:bb:c1 48:60:bc:42:3b:29
1361559609.152072 10328 82 50:46:5d:d1:81:c0 01:80:c2:00:00:00
1361559609.253988 10338 192 61:00:9f:e1:f8:d6 88:67:d0:0b:a3:6d
1361559609.295030 10343 216 81:10:22:f6:00:00 74:91:1a:8d:fa:98
1361559609.458525 10361 246 00:c0:ca:66:6a:dc 33:33:00:00:00:0c
1361559609.465522 10365 84 b3:c3:49:72:3a:52 5c:4d:db:a5:72:5c
1361559609.483661 10367 24 e0:f8:47:32:a6:2a f8:d1:11:5b:42:5a
1361559609.484444 10371 308 e0:f8:47:32:a6:2a ff:ff:ff:ff:ff:ff
1361559609.484981 10373 322 e0:f8:47:32:a6:2a ff:ff:ff:ff:ff:ff
1361559609.485311 10375 308 e0:f8:47:32:a6:2a ff:ff:ff:ff:ff:ff
1361559609.485318 10376 308 e0:f8:47:32:a6:2a ff:ff:ff:ff:ff:ff
1361559609.485831 10378 322 e0:f8:47:32:a6:2a ff:ff:ff:ff:ff:ff
1361559609.486562 10379 322 e0:f8:47:32:a6:2a ff:ff:ff:ff:ff:ff
1361559609.688198 10400 24 e0:f8:47:32:a6:2a f8:d1:11:5b:42:5a
